IncidentDate,State,CityorCounty,Address,Killed,Injured
2013-12,"New York",Brooklyn,"60 Glenmore Ave",0,6
2013-12,Alabama,Montgomery,"954 Highland Ave",3,5
2013-12,Louisiana,Slidell,"2144 First St",2,6
2013-12,Louisiana,Lockport,"313 Tenth St",3,3
2013-12,"New Jersey",Irvington,"Nye Avenue and 21st Street",3,2
2013-12,"New York",Medford,"33A Cedarhurst Ave",1,3
2013-12,Michigan,Muskegon,"2300 block of W McMillan Rd",1,3
2013-12,"North Carolina",Shelby,"Jose Street",0,4
2013-12,"New Jersey",Trenton,"Jersey Street and Home Avenue",1,4
2013-12,Florida,"Homestead (Florida City)","7th Avenue and 13th Terrace",1,3
2013-12,Texas,Channelview,"900 block of Ashland Boulevard",0,5
2013-12,"North Carolina",Statesville,"167 Wallace Springs",0,4
2013-12,Delaware,Wilmington,"3421 Kirkwood Hwy",0,4
2013-12,Kansas,Topeka,"1629 SW Central Park",4,0
2013-12,Florida,Miami,"NW 64th Street and 12th Avenue",2,2
2013-11,Michigan,Lansing,N/A,0,5
2013-11,Georgia,Valdosta,"Gordon Street and North Ashley Street",0,4
2013-11,California,Fresno,"Oleander and Modoc",0,4
2013-11,Indiana,Indianapolis,"3400 block of East 34th Street",0,4
2013-11,"New York",Rochester,"St. Paul Boulevard and Andrews Street",0,4
2013-11,Minnesota,Minneapolis,"1611 E Lake St",1,3
2013-11,California,Oakland,"96th Avenue and Olive Street",0,7
2013-11,Oklahoma,Tulsa,"Pine Street and Harvard Avenue",4,1
2013-11,Pennsylvania,Philadelphia,"1400 block of N. 60th Street",0,4
2013-11,Texas,Houston,"8200 block of Sunbury",3,2
2013-11,Texas,Houston,"4400 block of Tiffany",1,3
2013-11,"New York",Brooklyn,"318 Maujer St",4,1
2013-11,Ohio,Canton,"1215 Tuscarawas St W",1,3
2013-11,Arizona,Phoenix,"5800 South 53rd Glen",1,3
2013-11,Texas,Cypress,"7300 block of Enchanted Creek Drive",2,16
2013-11,Michigan,Detroit,"Conley and 7 Mile",3,7
2013-11,Florida,Jacksonville,"1100 block of Randolph",4,0
2013-11,"District of Columbia",Washington,"3900 block of Minnesota Ave",0,4
2013-11,California,"Los Angeles","1 World Way",1,3
2013-11,California,Perris,"2900 block of Perris Boulevard",0,5
2013-11,Kentucky,Radcliff,"355 Shelby Avenue",1,3
2013-10,"South Carolina","Bradley (Callison)","Callison Highway",5,0
2013-10,California,Vallejo,"200 block of Princeton Avenue",1,6
2013-10,"North Carolina","Southern Pines","115 Turner St",1,4
2013-10,California,Roseville,"6th Street and Hampton",0,4
2013-10,Texas,Beaumont,"500 block of Edgemore Drive",0,4
2013-10,Connecticut,"New Haven","85 Saint John St",1,5
2013-10,Florida,"Miami Gardens","NW 187 Street and 30 Avenue",0,4
2013-10,Pennsylvania,"Pittsburgh (Homewood)","7200 block of Kelly Street",2,5
2013-10,Florida,Miami,"19600 block of Southwest 168th Street",2,2
2013-10,Florida,Margate,"7400 block of Santa Monica Drive",0,4
2013-10,Pennsylvania,Harrisburg,"1524 Walnut St",0,8
2013-10,Oklahoma,Tulsa,"12000 E 31st St",0,5
2013-10,Texas,Paris,"400 block of NE 6th Street",4,0
2013-10,Pennsylvania,Philadelphia,"54th St. and Florence Ave",1,5
2013-10,Arizona,Avondale,"11120 W Van Buren St",0,4
2013-10,"New York",Buffalo,"102  Zelmer Street",0,4
2013-10,California,Fresno,"3883 E. Calwa #114",1,12
2013-10,Nebraska,Omaha,"North 42nd and Browne streets",0,4
2013-09,Illinois,Chicago,"6000 block of South Indiana Avenue",0,4
2013-09,Ohio,Zanesville,"753 Putnam Ave",0,4
2013-09,"North Carolina","Haw River","1003 W. Main St",0,4
2013-09,"West Virginia",Huntington,"300 W 7th Ave",0,6
2013-09,Missouri,"Saint Louis","3916 North Florissant Road",1,3
2013-09,Kansas,Wichita,"100 block of N. Mead",1,6
2013-09,Michigan,Muskegon,"149 Ottawa Ave",2,4
2013-09,Florida,"Palm Beach","2600 block of Forest Hill Boulevard",0,4
2013-09,Texas,Rice,"700 block of NW 0149",5,0
2013-09,California,"Long Beach","6500 block of Rose Avenue",2,2
2013-09,Illinois,Chicago,"1809 W 50th St",0,12
2013-09,Tennessee,Memphis,"1033 Whitaker",1,4
2013-09,Florida,Kissimmee,"Flying Fortress Avenue",0,5
2013-09,Nevada,"Las Vegas","1300 block of Bartlett Avenue",0,4
2013-09,Michigan,Lansing,"1500 block of Ottawa Street",0,4
2013-09,California,Stockton,"700 block of North Airport Way",2,3
2013-09,"District of Columbia","Washington Navy Yard","1336 Isaac Hull Ave",11,3
2013-09,Colorado,"Colorado Springs","1609 South Nevada",0,5
2013-09,Washington,Yakima,"2209 W Nob Hill Blvd",0,6
2013-09,Georgia,Snellville,"4630 Anderson Livsey Lane",3,1
2013-09,"North Carolina",Marion,"80 Finley Road",0,4
2013-09,Tennessee,"Crab Orchard",N/A,4,0
2013-09,"District of Columbia",Washington,"First Street and Pierce Street NW",1,3
2013-09,"New York","New York","204 Varick St",0,4
2013-09,Connecticut,Bridgeport,"Reservoir Ave and Grandview Ave",1,4
2013-09,Indiana,Gary,"9300 block of Sunrise Boulevard",2,4
2013-09,Missouri,"Saint Louis","5000 block of Durant Ave",1,3
2013-09,"North Carolina",Charlotte,"2500 block of Pinckney Avenue",0,4
2013-08,California,Oakland,"1300 block of 104th Avenue",0,4
2013-08,Florida,"Lake Butler","1050 Southeast 6th Street",4,1
2013-08,Minnesota,Minneapolis,"2600 block of Cedar and 2600 block of 18th Avenue South",2,2
2013-08,"South Carolina",Latta,"214 Willis St",1,3
2013-08,Maryland,Baltimore,"1200 block of S. Carey St",2,2
2013-08,Illinois,Chicago,"1011 W. Wilson",1,4
2013-08,"New Jersey","Port Norris","1600 block of North Avenue",0,4
2013-08,Ohio,Toledo,"2272 Scottwood Ave",0,4
2013-08,"South Carolina",Chesterfield,"3217 Center Point Rd",1,4
2013-08,Illinois,Chicago,"100 block of South Springfield",1,3
2013-08,California,"San Francisco","1738 Telegraph Avenue",0,4
2013-08,Oklahoma,"Oklahoma City","4601 SE 79",4,0
2013-08,Pennsylvania,Philadelphia,"1100 block of Divinity Street",0,4
2013-08,Virginia,Portsmouth,"1100 block of Mt. Vernon Ave",1,4
2013-08,"New York",Brooklyn,"395 East 48th Street",0,4
2013-08,Delaware,Wilmington,"1200 block of Second Street",0,4
2013-08,Missouri,"Saint Louis","4200 block of Kossuth Ave",2,2
2013-08,Texas,Dallas,"7100 block of Long Canyon Trail",4,4
2013-08,"New Jersey",Montclair,"Mission Street",0,4
2013-08,Pennsylvania,Saylorsburg,"1000 Ross Municipal Dr",3,4
2013-08,Missouri,"Kansas City","2400 block of  Park Avenue",1,3
2013-08,California,Salinas,"624 Williams Road",3,4
2013-08,Michigan,Detroit,"Murray Hill St",0,5
2013-08,Indiana,Indianapolis,"62nd and College Ave",0,4
2013-08,"New Jersey",Newark,"Livingston St. and 18th Avenue",2,3
2013-07,"New Mexico",Hobbs,"2000 block of North Bensing Rd",0,4
2013-07,Washington,Granger,"300 block of S. Outlook Rd.",0,4
2013-07,Texas,Dallas,"2400 block of Royal Lane",0,4
2013-07,Florida,Hialeah,"1485 W 46th St",7,0
2013-07,"West Virginia",Clarksburg,"743 Locust Avenue",4,0
2013-07,Michigan,Inkster,"Oakwood Street",0,4
2013-07,Kansas,Topeka,"221 SE Lawrence St",0,4
2013-07,"New York",Brooklyn,"1445 Lincoln Place",0,4
2013-07,"New York",Brooklyn,"Grove Street",0,5
2013-07,Connecticut,Hartford,"3155 Main St",0,4
2013-07,California,Madera,"Yosemite Avenue and Cleveland",0,4
2013-07,California,Oakland,"3400 block of Wilson Avenue",1,3
2013-07,Kansas,Wichita,"11th Street and Mead",1,4
2013-07,Michigan,"Grand Rapids (Kentwood)","Farmview Ct SE",0,5
2013-07,Ohio,Campbell,"Seventh Street",0,4
2013-07,"District of Columbia",Washington,"2700 block of Stanton Road",0,4
2013-07,Oklahoma,"Oklahoma City","5405 N. Lincoln Blvd",1,3
2013-07,"New Jersey","Trenton (Hamilton Township)","1100 block of Deutz Ave",1,4
2013-07,Kentucky,Greensburg,"194 C Mays Rd",2,2
2013-07,California,"San Francisco","3192 16th St",1,3
2013-07,"North Carolina",Charlotte,"6300 block of Reagan Drive",2,2
2013-07,Illinois,Rockford,"600 block of Woodlawn Avenue",2,2
2013-07,Maryland,Baltimore,"600 block of N. Carrollton Ave",0,4
2013-07,Florida,"Pompano Beach","1600 block of Northwest 7th Lane",1,3
2013-07,California,Stockton,"2600 block of Connecticut Avenue",1,4
2013-07,Illinois,Chicago,"11300 block of S Forest Ave",0,5
2013-07,Mississippi,Meridian,"2500 block of 5th Street",0,4
2013-07,Alabama,Florence,"West Mobile Street",0,4
2013-07,"New York",Brooklyn,"472 Marcy Avenue",1,3
2013-07,Michigan,Pontiac,"441 N Perry St",1,6
2013-07,Illinois,Chicago,"6000 block of South Cottage Grove Avenue",0,4
2013-07,Texas,"Fort Worth","2900 block of Pate Drive",4,0
2013-06,"New York",Brooklyn,"616 E. 52nd Street",0,9
2013-06,Colorado,Aurora,"2300 block of Paris St",0,4
2013-06,"South Carolina","North Charleston","4400 Dorchester Road; Suite 115",3,1
2013-06,Illinois,Chicago,"4800 block of North Sheridan Road",0,6
2013-06,California,"Three Rivers","39553-39833 Sierra Dr",2,2
2013-06,Illinois,Chicago,"73rd Street and King Drive",1,4
2013-06,Missouri,"Kansas City","1711 Kansas Avenue",1,3
2013-06,Virginia,"Virginia Beach","4600 block of Columbus Street",1,4
2013-06,Louisiana,"New Orleans","5700 block of Wickfield Drive",0,4
2013-06,Missouri,"Kansas City","1917 Prospect Ave",1,8
2013-06,California,Sacramento,"Sea Drift Way",1,3
2013-06,Tennessee,Chattanooga,"1501 Dodds Ave",1,4
2013-06,"Rhode Island",Providence,"55 Curtis",0,4
2013-06,Maryland,Baltimore,"700 block of N. Kenwood Avenue",1,4
2013-06,Illinois,Chicago,"2900 block of North Kilpatrick Avenue",1,3
2013-06,"North Carolina",Greenville,"205 Greenville Blvd SW",0,5
2013-06,Virginia,Norfolk,"1225 Tidewater Drive",0,6
2013-06,Illinois,Chicago,"900block of East 79th Street",1,3
2013-06,Texas,Houston,"9780 Bissonnet",1,3
2013-06,Tennessee,Nashville,"135 Brinkhaven Ave",0,4
2013-06,"Rhode Island",Providence,"256 Hartford Ave",1,3
2013-06,"North Carolina","High Point","2201 Little Avenue",0,5
2013-06,Illinois,Chicago,"5700 block of South Sangamon Street",1,4
2013-06,Missouri,"Saint Louis","4700 block of Highland Ave",0,6
2013-06,Pennsylvania,York,"600 block of West Princess Street",0,4
2013-06,California,"Santa Monica","2036 Yorkshire Ave",6,1
2013-06,Georgia,Lagrange,"Union Street",0,7
2013-06,Virginia,"Virginia Beach","4000 block of Roebling Lane",0,7
2013-06,Indiana,Indianapolis,"1913 East 46th Street",0,4
2013-06,California,Vallejo,"1st block of Linfield Drive",2,2
2013-06,Wisconsin,Milwaukee,"4126 N Teutonia Ave",0,4
2013-05,Georgia,Atlanta,"1000 block of Fair Street",0,4
2013-05,Illinois,Chicago,N/A,0,4
2013-05,Tennessee,Memphis,"2850 Brewer Avenue",1,3
2013-05,Virginia,Hampton,"1900 block of Coliseum Drive",1,4
2013-05,Michigan,Flint,"1100 block of Paterson",1,3
2013-05,California,Bakersfield,"3700 block of Columbus Street",2,2
2013-05,Tennessee,"Bean Station","1034 Main Street",2,2
2013-05,Illinois,Chicago,"5200 block of West Iowa Street",0,4
2013-05,Michigan,Detroit,N/A,0,4
2013-05,Tennessee,Memphis,"2281 Ketchum Rd",2,2
2013-05,Virginia,Victoria,"2073 Pleasant Oak Rd",0,4
2013-05,Pennsylvania,Philadelphia,"2600 block of Daggett Street",0,4
2013-05,Michigan,Detroit,"9000 block of Carlin",1,4
2013-05,Ohio,Cincinnati,"Kings Run Road",0,4
2013-05,Louisiana,"New Orleans","Frenchmen Street",0,19
2013-05,Arizona,"Apache Junction","3600 block of East Apache Trail",0,5
2013-05,Indiana,Columbus,"E Main Cross St",5,0
2013-05,"New Jersey","Jersey City","Fremont Street",0,4
2013-05,Pennsylvania,Philadelphia,"21st Street and Medary Avenue",0,4
2013-05,California,"Los Angeles","1600 block of West 205th Street",3,1
2013-05,Pennsylvania,Johnstown,"Horner and Messenger streets",0,4
2013-05,California,"Palo Alto","Bay Road and University Avenue",0,5
2013-05,"North Carolina",Smithfield,"150 South Equity Drive",0,4
2013-05,"New Jersey",Newark,"804 S. 16th St",0,5
2013-04,Tennessee,Jackson,"438 East Main Street",2,2
2013-04,Pennsylvania,Chester,"Rose and Upland Street",1,3
2013-04,"North Carolina",Charlotte,"William Reynolds Drive",0,5
2013-04,Florida,Williston,"County Road 318",1,3
2013-04,Ohio,Oberlin,"500 block of West College Street",0,4
2013-04,Illinois,Manchester,"East Street",6,1
2013-04,Louisiana,Harvey,"2300 block of Lapalco Boulevard",0,5
2013-04,Illinois,"Chicago (Englewood)","5700 block of South Lowe Avenue",0,4
2013-04,Washington,"Federal Way","33300 block of 18th Lane South",5,0
2013-04,Ohio,Akron,"Kimlyn Circle",4,0
2013-04,Arizona,Phoenix,"12400 North 25th Avenue",2,4
2013-04,Kentucky,Lexington,"750 East New Circle Rd",1,4
2013-04,California,Vallejo,"1800 block of Mini Drive",0,4
2013-04,Pennsylvania,Philadelphia,"Somerset Street and Lee Street",1,3
2013-04,California,"Long Beach","300 block of East Home Street",1,3
2013-04,"New York","New York (Manhattan)","900 Garden Way",1,3
2013-04,"South Carolina",Greenwood,"Tabor Street",1,4
2013-03,Washington,Auburn,"2802 Auburn Way North",3,2
2013-03,California,"Merced (county)","9200 block of Westside Boulevard",3,2
2013-03,"New York",Brooklyn,"2703 W. 33rd Street",1,3
2013-03,Missouri,"Kansas City","4900 block of Brookside Blvd",1,3
2013-03,Illinois,Chicago,"West 87th Street and Ashland Avenue",0,7
2013-03,Florida,"Belle Glade","Northwest 16th Street and Northwest Avenue L",0,5
2013-03,California,Stockton,"1800 block of East Sonora Street",2,3
2013-03,California,Galt,"Dover Drive",0,7
2013-03,California,Modesto,"1400 block of Western Way",0,4
2013-03,"New York",Mohawk,"17 W Main St",5,2
2013-03,California,Oceanside,"504 Calle Montecito",2,2
2013-03,"District of Columbia",Washington,"1200 North Capitol Street",0,13
2013-03,Missouri,"Kansas City","9331 Hillcrest Rd",0,5
2013-03,Mississippi,Jackson,"2900 block of Greenwood Avenue",2,2
2013-03,Indiana,Indianapolis,"1800 block of Edinburge Square",1,3
2013-03,California,"Los Banos","800 block of La Mesa Lane",1,3
2013-03,Michigan,"Saginaw (county)","4030 Dixie Hwy",0,4
2013-03,Georgia,Moultrie,"224 Second Street Northwest",2,2
2013-03,Louisiana,Shreveport,"7000 block of Burlingame Boulevard",1,3
2013-02,Georgia,Macon,"2800 block of Mercer University Drive",0,8
2013-02,California,Lancaster,"43145 Business Center Parkway",0,4
2013-02,Michigan,"Grand Rapids","1447 Grandville Ave. SW",0,4
2013-02,Oklahoma,Tulsa,"1200 block of North 89th East Avenue",1,3
2013-02,California,"Orange (county)","Katella Avenue",4,3
2013-02,Utah,Midvale,"8286 Adams Street and 450 West Street",4,1
2013-02,Delaware,Wilmington,"500 North King Street",3,2
2013-02,California,Vallejo,"800 block of Humboldt Street",1,4
2013-02,Louisiana,"New Orleans","400 block of Bourbon Street",0,4
2013-02,Illinois,Chicago,"2500 block of East 75th Street",0,4
2013-02,California,"Yuba (county)","5800 block of Poplar Avenue",1,3
2013-02,Tennessee,Memphis,"2514 Mount Moriah",0,5
2013-01,Ohio,Springfield,"601 West Main Street",1,3
2013-01,"District of Columbia",Washington,"2403 Benning Road Northeast",0,5
2013-01,Louisiana,Charenton,"1000 block of Flat Town Road",2,3
2013-01,Missouri,"Saint Louis","W Florissant Ave and Riverview Blvd",1,3
2013-01,Tennessee,Chattanooga,"1501 Dodds Ave",1,3
2013-01,Maryland,Baltimore,"1500 block of W. Fayette St.",1,6
2013-01,California,Brentwood,"1100 block of Breton Drive",0,4
2013-01,Louisiana,"New Orleans","LaSalle Street and Martin Luther King Jr. Boulevard",0,5
2013-01,"New Mexico",Albuquerque,"2806 Long Lane",5,0
2013-01,Oklahoma,Tulsa,"6000 block of South Owasso",4,0
2013-01,California,Hawthorne,"13500 block of Cerise Avenue",1,3
2013-01,Pennsylvania,Mckeesport,"1506 Versailles Avenue and Coursin Street",0,4
2017-12,Colorado,"Littleton (Highlands Ranch)","3404 E County Line Rd",2,6
2017-12,Illinois,Chicago,"2335 Howard St",0,4
2017-12,"New Jersey","Long Branch","635 Wall St",4,0
2017-12,Nevada,"Las Vegas","3750 E Bonanza Rd",2,2
2017-12,Florida,Miami,"NW 18th Ave and 86th Ter",0,5
2017-12,Mississippi,Vicksburg,"1111 Mulberry Street",0,5
2017-12,Alabama,Troy,"100 block of Chapman St",1,4
2017-12,Louisiana,Eunice,"100 block of City Avenue",1,3
2017-12,Alabama,Birmingham,"3rd Ave N and 9th St N",0,4
2017-12,Pennsylvania,Philadelphia,"6600 block of Dorel St",1,3
2017-12,Louisiana,Lafayette,"1500 block of N University Avenue",0,4
2017-12,Mississippi,"Mc Cool (Mccool)","Ferguson Rd",0,4
2017-12,California,Pacoima,"13041 Jouett Street",0,5
2017-12,Ohio,Columbus,"200 block of E Barthman Ave",1,3
2017-12,Kentucky,Louisville,"17th and Gallagher Streets",0,4
2017-12,Texas,Garland,"1301 Rivercrest Ln",0,4
2017-12,Massachusetts,Boston,"Proctor St",0,4
2017-12,Illinois,Chicago,"4620 N Broadway",0,4
2017-12,Pennsylvania,Pittsburgh,"7200 block of Everton St",2,2
2017-12,Tennessee,Memphis,"656 Marshall Ave",1,3
2017-12,Michigan,Detroit,"5200 Woodward Avenue",0,4
2017-11,Michigan,Detroit,"11000 block of Gunston",1,4
2017-11,Mississippi,Brookhaven,"119 Martin Street",1,6
2017-11,Ohio,Cleveland,"11618 Buckeye Rd",1,5
2017-11,Minnesota,Minneapolis,"3600 block of Emerson Avenue North",0,4
2017-11,Louisiana,"New Iberia","900 Block of Mississippi St",0,4
2017-11,Georgia,Columbus,"1400 block of 15th Street",0,7
2017-11,California,Corning,"17357 Stagecoach Rd",6,12
2017-11,California,Richmond,"900 Block of View Dr",2,2
2017-11,Indiana,Gary,"4601 Melton Rd",0,7
2017-11,California,Fresno,"S Calvin Ave",0,5
2017-11,Georgia,Atlanta,"50 Lower Alabama St",2,2
2017-11,Texas,Dallas,"2532 Martin Luther King Jr Blvd",1,3
2017-11,Louisiana,"New Orleans","Forstall Street and Burgundy Street",1,5
2017-11,"North Carolina",Fayetteville,"2835 Bragg Blvd",1,5
2017-11,Ohio,"Dayton (Trotwood)","193 Olive Rd",0,4
2017-11,Pennsylvania,Philadelphia,"1800 block of Ringgold",0,4
2017-11,Texas,"Sutherland Springs","216 4th St",27,20
2017-11,Texas,Austin,"N Lamar Blvd and Masterson Pass",0,4
2017-11,Ohio,Youngstown,"2810 Market St",0,4
2017-11,California,"Santa Monica","1515 Ocean Avenue",1,3
2017-11,Minnesota,Minneapolis,"10th Ave S and E 24th St",0,4
2017-11,California,Gardena,"E 163rd St and S Main St",0,4
2017-11,"New York",Buffalo,"147 Roosevelt Ave",0,4
2017-11,Louisiana,Lacombe,"27600 block of Mirmar Street",1,4
2017-10,Texas,Austin,"5500 block of Ave F",1,3
2017-10,Ohio,Toledo,"1327 N Huron St",0,4
2017-10,Virginia,Petersburg,"N Sycamore St and Franklin",1,3
2017-10,Kentucky,Louisville,"1716 Prentice St",0,6
2017-10,California,"San Francisco","1100 block of Fillmore",0,4
2017-10,California,"Clearlake Oaks","13000 block of Anchor Village",2,3
2017-10,Connecticut,Hartford,"Wethersfield Avenue and Elliott Street",0,4
2017-10,Alabama,Lanett,"1606 19th St Sw",2,7
2017-10,Florida,Jacksonville,"164 E Eubanks St",0,4
2017-10,Tennessee,Nashville,"1277 12th Ave S",0,4
2017-10,Pennsylvania,Chester,"1200 block of W Carlas Ln",0,4
2017-10,Florida,Tampa,"400 Block of E Nordica St",0,4
2017-10,Maryland,Edgewood,"2111 Emmorton Park Rd",3,3
2017-10,"New York",Brooklyn,"181 Martense St",0,4
2017-10,Mississippi,Meridian,"5th Street",1,3
2017-10,Texas,Houston,"6233 Gulfton St",2,2
2017-10,Arizona,Phoenix,"107th Ave and Camelback Rd",1,3
2017-10,California,"Aliso Viejo","6 Asbury Ct",2,2
2017-10,Ohio,Pedro,"15497 SR 93",4,0
2017-10,California,"San Francisco","25th St and Treat Ave",0,4
2017-10,Texas,Houston,"3352 Old Spanish Trail",0,5
2017-10,Arizona,Phoenix,"87th Ave and Thomas Rd",0,4
2017-10,Illinois,Chicago,"8000 block of S Marshfield",0,5
2017-10,Arizona,"Casa Grande","400 block of W 13th Street",4,0
2017-10,Florida,Miami,"2051 NW 65th St",0,4
2017-10,Kansas,Lawrence,"1000 block of Massachusetts St",3,2
2017-10,Nevada,"Las Vegas","3950 Las Vegas Blvd S",59,441
2017-09,Tennessee,Memphis,"800 block of Kerr Avenue",1,3
2017-09,Louisiana,"New Orleans","2001 N Rocheblave St",1,3
2017-09,Pennsylvania,Philadelphia,"100 block of Pastorius St",1,3
2017-09,Tennessee,Memphis,"2531 Chelsea Ave",0,4
2017-09,Maryland,Baltimore,"3200 block of Lyndale Ave",2,2
2017-09,Maryland,Baltimore,"500 block of E. Patapsco Avenue",0,4
2017-09,Tennessee,Antioch,"3890 Pin Hook Rd",1,8
2017-09,"New York",Syracuse,"1226 E Fayette St",0,4
2017-09,"New Jersey","Mays Landing","6000 block of Hoover Dr",1,3
2017-09,California,Bakersfield,"818 Real Rd",1,4
2017-09,Illinois,Danville,"Seminary St and Jackson St",0,5
2017-09,Connecticut,Hartford,"1164 Albany Ave",2,2
2017-09,Indiana,Gary,"4300 block of 23rd Ct",0,5
2017-09,Michigan,Detroit,"5000 block of Stanton Street",1,3
2017-09,Virginia,Petersburg,"300 Mistletoe St",1,4
2017-09,"South Carolina",Columbia,"920 Lady Street",0,8
2017-09,Tennessee,Memphis,"1000 block of Morehead St",1,5
2017-09,Washington,Rockford,"14626 S Jackson Rd",1,3
2017-09,Pennsylvania,York,"400 block of S Duke St",0,4
2017-09,Pennsylvania,Philadelphia,"3100 block of N 2nd St",0,4
2017-09,Louisiana,"New Orleans","2101 N Claiborne Ave",1,3
2017-09,Texas,Plano,"1712 West Spring Creek Parkway",9,1
2017-09,Alabama,Selma,"Kings Bend Road",0,4
2017-09,Illinois,Chicago,"2700 block of Madison",0,4
2017-09,Illinois,Bellwood,"1000 block of Bellwood Ave",0,4
2017-09,California,Inglewood,"10100 block of S Firmona Ave",2,3
2017-09,Kentucky,Louisville,"8008 Watterson Trl",0,4
2017-09,Illinois,Chicago,"8300 block of S Hermitage",1,3
2017-08,"New Mexico",Clovis,"701 N Main St",2,4
2017-08,California,Sacramento,"7760 24th St",1,4
2017-08,Indiana,Evansville,"1127 Chestnut St",1,3
2017-08,Florida,Gainesville,"1600 NE 8th Ave",0,4
2017-08,Missouri,"Saint Louis","10400 block of Balmoral Dr",4,0
2017-08,Illinois,Chicago,"300 block of N Central Ave",0,4
2017-08,"New Jersey",Newark,"Fabyan Place",0,4
2017-08,"North Carolina",Whitakers,"980 Fishing Creek Rd",4,0
2017-08,"New Jersey",Newark,"700 block of S 19th St",1,3
2017-08,Maryland,Baltimore,"Cottage Avenue and Park Heights Avenue",1,3
2017-08,Tennessee,Memphis,"262 Decatur St",0,4
2017-08,"New York",Brooklyn,"100th St and Ave M",0,4
2017-08,Illinois,Chicago,"11901 S Loomis St",2,5
2017-08,Ohio,Cleveland,"11143 Superior Ave",1,4
2017-08,"New York",Wyandanch,"Merritt Ave and 15th St",0,4
2017-08,California,"North Hollywood","Morrison St and Klump Ave",2,2
2017-08,Pennsylvania,Philadelphia,"39th St and Melon St",0,5
2017-08,California,Sacramento,"4000 Block of Martin Luther King Jr Blvd",0,4
2017-08,Virginia,Suffolk,"8700 block of Quay Rd",0,4
2017-08,Missouri,"Saint Louis","12310 Bellefontaine Rd",1,3
2017-08,Illinois,Chicago,"1 block of East 37th St",1,6
2017-08,"New York",Bronx,"Wickham Ave",0,6
2017-08,"New York",Bronx,"Unionport Rd",0,4
2017-08,California,Oakland,"1000 block of 106th Avenue",0,7
2017-08,"New Jersey",Lakewood,"900 block of Brook Road",0,4
2017-08,"South Carolina",Allendale,"300 block of Ellis St",1,3
2017-08,Florida,Tallahassee,"1939 W Tennessee St",1,3
2017-08,Montana,"Lodge Grass","200 block of North Helen Street",3,2
2017-08,"District of Columbia",Washington,"3426 18th St NE",1,3
2017-08,Maryland,Baltimore,"900 block of N Broadway",0,4
2017-08,Illinois,Chicago,"800 block of N Monticello Ave",0,4
2017-08,Washington,Toppenish,"8000 Block of Lateral C Rd",0,6
2017-08,California,Fresno,"Mariposa St and A St",0,7
2017-07,Illinois,Decatur,"Jasper St and Main St",0,4
2017-07,Virginia,Norfolk,"1500 block of Azalea Garden Rd",1,5
2017-07,Texas,"El Paso","1810 George Dieter Dr",1,3
2017-07,"New York",Buffalo,"200 block of Carl St",1,4
2017-07,"North Carolina",Salisbury,"115 W Fisher St",2,3
2017-07,Delaware,Wilmington,"400 block of N Washington St",0,4
2017-07,Illinois,Chicago,"2000 block of E 71st St",1,4
2017-07,"North Carolina","High Point","2111 E. Green Drive",1,6
2017-07,Florida,Jacksonville,"1040 Golfair Boulevard",1,3
2017-07,Illinois,Chicago,"1500 block of East 82nd St",1,3
2017-07,Louisiana,"Baton Rouge","10360 Ave H",0,4
2017-07,Ohio,Cincinnati,"130 E Clifton Ave",0,5
2017-07,Virginia,Richmond,"2300 block of Bethel St",0,5
2017-07,California,"Los Angeles","Imperial Hwy and Broadway",1,3
2017-07,Wisconsin,Milwaukee,"3000 block of N 39th St",0,4
2017-07,"New Jersey",Trenton,"Hewitt St and Division St",1,3
2017-07,Arizona,"El Mirage","NW Grand Ave and W Thunderbird Rd",0,4
2017-07,Pennsylvania,Philadelphia,"21st and Fitzwater",1,3
2017-07,Illinois,Chicago,"12200 block of S Throop St",0,4
2017-07,Virginia,Lawrenceville,"500 block of Sturgeon Rd",0,7
2017-07,Illinois,Alton,"700 block of Oakwood Ave",0,4
2017-07,Ohio,Cincinnati,"9917 Capstan Dr",1,8
2017-07,Mississippi,Meridian,"Eighth Ave",0,4
2017-07,Georgia,Savannah,"Jefferson Street and West St. Julian Street",0,4
2017-07,Illinois,"Chicago (Roseland)","11000 block of S Eberhart",2,2
2017-07,Maine,Madison,"300 block of Russell Rd",4,1
2017-07,Florida,"Orlando (Pine Castle)","501 W Lancaster Rd",0,4
2017-07,Virginia,Hampton,"500 block of Patterson Ave",1,4
2017-07,"North Carolina",Raleigh,"105 E South St",1,3
2017-07,Alabama,Prattville,"112 US 82",3,1
2017-07,Michigan,Pontiac,"50 block of Thorpe St",1,3
2017-07,"New Jersey","Jersey City","Wilkinson Avenue",0,4
2017-07,"South Carolina",Greenwood,"SC 72 Bypass",0,4
2017-07,Illinois,Momence,"2727 S 13000 Rd E",0,4
2017-07,"New Jersey",Newark,"Lincoln Park and Pennsylvania Avenue",2,2
2017-07,California,Oakland,"3200 Humboldt Ave",0,4
2017-07,Arkansas,"Little Rock","220 W 6th St",0,25
2017-06,"New York",Bronx,"1650 Grand Concourse",2,6
2017-06,Illinois,Chicago,"200 block of S Lotus",0,5
2017-06,"District of Columbia",Washington,"5900 block of Southern Ave SE",0,4
2017-06,Missouri,"Saint Louis","5000 block of Thekla Ave",1,3
2017-06,Florida,"Fort Lauderdale","2335 NW 16th Ct",1,4
2017-06,"New York","New York (Manhattan)","114th St and Manhattan Ave",0,5
2017-06,"New Jersey",Willingboro,"Pastoral Lane",0,4
2017-06,Georgia,Atlanta,"1100 block of Osborne Street",1,6
2017-06,Missouri,"Saint Louis","1900 block of N 14th St",3,2
2017-06,"District of Columbia",Washington,"3100 block of Buena Vista Terrace SE",0,4
2017-06,Illinois,Chicago,"3300 block of W Crystal St",0,4
2017-06,"South Carolina","Myrtle Beach","311 N Ocean Blvd",0,7
2017-06,Illinois,Chicago,"1 block of N Latrobe",0,4
2017-06,Ohio,Columbus,"6252 Busch Blvd",1,4
2017-06,Virginia,Richmond,"4053 Old Brook Road",1,3
2017-06,"New Mexico","La Madera","491 NM 111",5,0
2017-06,Virginia,Alexandria,"420 E Monroe Ave",1,5
2017-06,Ohio,Canton,"14th St NE and Gibbs Ave NE",0,4
2017-06,California,"San Francisco","720 San Bruno",4,2
2017-06,Maryland,Baltimore,"3300 block of Ayrdale Avenue",0,4
2017-06,Maryland,Baltimore,"1200 block of Bonaparte Avenue",2,2
2017-06,Missouri,"Saint Louis (University City)","Ferguson Ave and Plymouth Ave",0,4
2017-06,Illinois,Chicago,"3300 block of W Douglas Blvd",0,9
2017-06,Tennessee,Chattanooga,"4272 Bonny Oaks Drive",0,4
2017-06,Texas,Houston,"505 Cypress Station Dr",0,4
2017-06,Tennessee,Memphis,"571 East Street",0,4
2017-06,Texas,"Fort Worth","East Davis Avenue and New York Avenue",2,5
2017-06,Louisiana,"New Orleans","3650 Franklin Ave",0,6
2017-06,Utah,Sandy,"2232 Alta Canyon Drive",3,2
2017-06,Florida,Orlando,"2427 Forsyth Rd",6,0
2017-06,Missouri,"Saint Louis","1600 Block of Union Blvd",2,2
2017-06,Louisiana,"New Orleans","3717 Tulane Ave",3,2
2017-06,California,"Los Angeles","89th St and Broadway",1,3
2017-06,Texas,Laredo,"5301 McPherson Rd",2,3
2017-06,Missouri,"Saint Louis","Beacon Ave and Lillian Ave",3,1
2017-05,Ohio,Middletown,"1200 Elliott Dr",1,3
2017-05,Kentucky,Louisville,"231 Witherspoon St",1,3
2017-05,Alabama,"Phenix City","100 block of 6th Street South",0,12
2017-05,"New Jersey",Paterson,"86 Main Street",1,5
2017-05,Mississippi,"Moss Point","6103 Hwy. 63",0,5
2017-05,"New York","New York (Manhattan)","318 W 14th St",0,4
2017-05,"District of Columbia",Washington,"100 block of Q Street Northwest",1,7
2017-05,Mississippi,"Bogue Chitto","2871 Lee Dr",8,1
2017-05,Florida,Miami,"2730 NW 167th St",0,4
2017-05,Iowa,"Des Moines","4300 Beaver Dr",1,3
2017-05,Arizona,Mesa,"441 N Val Vista Dr",0,4
2017-05,Pennsylvania,Philadelphia,"2100 block of W Huntingdon St",0,10
2017-05,"South Carolina",Ruffin,"21785 Lowcountry Hwy",3,1
2017-05,Arkansas,Jonesboro,"311 S Main St",1,6
2017-05,Illinois,Dolton,"14112 Chicago Road",0,5
2017-05,Florida,"Avon Park","Hal McRae Blvd and Delaney Ave",0,5
2017-05,Texas,"Fort Worth","8600 block of Calmont Ave",0,4
2017-05,"New Jersey",Trenton,"300 block of Centre St",1,3
2017-05,Kansas,"Kansas City","1900 block of S. Boeke",3,1
2017-05,Illinois,Chicago,"2600 block of 46th Pl",2,8
2017-05,Michigan,Flint,"600 block of Copeman Boulevard",1,3
2017-05,Florida,Jacksonville,"1566 West 24th Street",1,3
2017-05,Texas,Dallas,"3200 block of Reynolds Ave",2,3
2017-04,California,"San Diego","9080 Judicial Dr",2,6
2017-04,Kansas,Topeka,"4104 SW 28th",4,1
2017-04,Florida,Jacksonville,"1200 Ken Knight Dr N",0,5
2017-04,"South Carolina",Loris,"268 N Sea Green Rd",1,5
2017-04,California,"Los Angeles (Boyle Heights)","Murchison St and Lancaster Ave",1,3
2017-04,California,Sacramento,"3800 block of 26th Avenue",0,5
2017-04,California,Whittier,"10000 block of Carmentia Rd",1,5
2017-04,Maryland,Germantown,"12839 Kitchen House Way",1,3
2017-04,California,Compton,"2000 Block of N Nestor Ave",0,4
2017-04,Virginia,"Virginia Beach","200 block of 18th St",0,4
2017-04,Pennsylvania,Chester,"5 E 21st St",0,4
2017-04,"New Jersey",Newark,"1100 block of S Orange Ave",1,3
2017-04,Florida,Miami,"SW 264th St and 139th Ave",0,4
2017-04,Florida,"Palm Bay","2500 block of Vernon Dr",2,2
2017-04,Kentucky,Louisville,"700 block of East Jacob Street",0,4
2017-04,California,Vallejo,"110 Calhoun Street",0,4
2017-04,"North Carolina","Elizabeth City","611 S Martin St",0,4
2017-04,Ohio,Columbus,"1710 Cleveland Av",0,9
2017-04,Illinois,"Rock Falls","311 W  2nd St",0,4
2017-04,Pennsylvania,Philadelphia,"5900 block of Hammond St",0,4
2017-04,Indiana,Indianapolis,"300 block of S Meridian St",0,4
2017-04,Alabama,Birmingham,"1480 Center Point Pkwy",0,6
2017-04,Illinois,Harvey,"14600 block of Myrtle Avenue",0,4
2017-04,California,Banning,"900 block of N Allen St",0,4
2017-04,Georgia,Atlanta,"30 Anderson Ave SW",1,3
2017-04,Texas,"San Antonio","3100 block of Fidelia Drive",1,3
2017-04,Indiana,"Fort Wayne","9439 Lima Rd",1,3
2017-04,"North Carolina",Hickory,"1423 29th Ave Dr NE",3,1
2017-04,Texas,Houston,"3829 Mount Pleasant St",5,0
2017-04,Minnesota,"Saint Paul","1600 block of English St",4,1
2017-04,Illinois,Chicago,"5600 block of W Lake St",1,5
2017-04,Louisiana,"Lake Charles","2000 block of Tulip St",1,3
2017-04,Pennsylvania,Philadelphia,"1100 block of W Stiles St",3,1
2017-04,Texas,Lubbock,"5401 Ave Q",0,7
2017-04,Illinois,Chicago,"3500 block of W Van Buren St",2,4
2017-04,Iowa,"Des Moines","2500 Martin Luther King Jr. Parkway",0,5
2017-04,California,Pittsburg,"100 block of Madoline Street",0,5
2017-04,Florida,Tampa,"219 S Howard Ave",1,4
2017-04,Oklahoma,"Oklahoma City","1200 block of N Woodward Avenue",2,3
2017-03,Illinois,Chicago,"2704 E 75th St",4,0
2017-03,Florida,Sanford,"209 Hays Dr",2,4
2017-03,Ohio,Cleveland,"E 75th St",2,2
2017-03,Texas,Houston,"5619 Aldine Bender Rd",2,4
2017-03,Ohio,Cincinnati,"4601 Kellogg Ave",2,15
2017-03,Tennessee,Knoxville,"Minnesota Ave",1,4
2017-03,Michigan,Detroit,"8443 Grand River Ave",1,3
2017-03,Ohio,Cleveland,"E 79th St and Woodland Ave",2,2
2017-03,California,Fresno,"300 block of South Villa Avenue",1,4
2017-03,Missouri,"Saint Louis","5100 block of Palm St",1,6
2017-03,Wisconsin,Rothschild,"1133 E Grand Ave",5,0
2017-03,Kentucky,Louisville,"1512 Portland Avenue",1,5
2017-03,Michigan,Detroit,"16000 block of Rutherford",3,2
2017-03,Louisiana,Metairie,"2508 Pasadena Ave",3,1
2017-03,Illinois,Chicago,"123 E 51st St",2,2
2017-03,Louisiana,"New Orleans (Gentilly)","4200 block of Touro St",3,1
2017-03,Illinois,Chicago,"W 76th St and S May St",0,4
2017-03,Georgia,Columbus,"600 block of 32nd Street",0,4
2017-03,Kansas,Topeka,"23rd and Bellview",1,4
2017-03,California,Sacramento,"2500 block of 33rd St",0,4
2017-03,Pennsylvania,Philadelphia,"7165 Germantown Ave",0,4
2017-03,California,Riverside,"8300 block of Trey Ave",0,5
2017-02,Ohio,Cincinnati,"1700 of Casey Dr",0,6
2017-02,Virginia,"Newport News","11810 Fountain Way",0,4
2017-02,Indiana,Gary,"1700 Grant St",1,4
2017-02,Ohio,Warren,"1564 Niles Cortland Rd SE",2,3
2017-02,Florida,Jacksonville,"3604 Moncrief Rd",1,4
2017-02,"New York",Rochester,"191 Genesee St",0,4
2017-02,Ohio,Cleveland,"16700 Lorain Ave",0,4
2017-02,Mississippi,Toomsuba,"Butts Road",4,0
2017-02,Ohio,Cleveland,"1082 East 105th Street",0,5
2017-02,Virginia,Norfolk,"Church Street and East Virginia Beach Blvd",1,3
2017-02,Pennsylvania,Philadelphia,"1 block of N Conestoga",0,4
2017-02,Indiana,"South Bend","1000 block of Yukon St",1,3
2017-02,California,Salinas,"30 Soledad Street",0,4
2017-02,Illinois,Chicago,"3949 South Albany Avenue",3,2
2017-02,Missouri,Caruthersville,"908 Truman Blvd",1,6
2017-02,"New York",Newburgh,"253 South William Street",1,3
2017-02,Florida,Greenville,"Church Ave and Obadiah St",0,5
2017-02,Illinois,Chicago,"100 block of N Mayfield",1,3
2017-02,Tennessee,Savannah,"Clifton Road and Midway Drive",0,4
2017-02,Louisiana,"New Orleans","2nd St and Dryades St",1,5
2017-02,Mississippi,Jackson,"3150 Robinson Road",4,0
2017-02,Ohio,Cleveland,"16379 Euclid Ave",1,4
2017-02,"South Carolina",Columbia,"5500 block of Fairfield Road",0,4
2017-02,Arkansas,"Little Rock","25 Par Drive",1,4
2017-02,Mississippi,"Yazoo City","11th Street",4,0
2017-01,Tennessee,Memphis,"1576 S White Station Rd",0,4
2017-01,"District of Columbia",Washington,"2900 block of Martin Luther King Jr Ave",0,4
2017-01,Minnesota,"Minneapolis (Crystal)","5410 Lakeland Ave N",0,4
2017-01,Louisiana,Shreveport,"6363 Hearne Ave",1,4
2017-01,Washington,Bremerton,"Tenino Dr W",4,0
2017-01,Tennessee,Brownsville,"221 Morgan St",0,10
2017-01,Georgia,Albany,"1510 Maryland Drive",2,3
2017-01,Illinois,Chicago,"500 block of E 75th St",0,6
2017-01,Texas,Manvel,"200 block of Oak Shore Dr",3,2
2017-01,Illinois,"Chicago (Englewood)","1800 block of W 63rd",0,4
2017-01,Georgia,Atlanta,"2841 Greenbriar Pkwy SW",3,1
2017-01,Georgia,Jonesboro,"6510 Tara Blvd",0,6
2017-01,Florida,"Boynton Beach","500 NE 2nd St",0,5
2017-01,Tennessee,Memphis,"500 block of Delta Road",2,2
2017-01,Mississippi,Como,"Smart Road",1,4
2017-01,California,Fresno,"4700 block of E Montecito Ave",0,4
2017-01,Texas,Houston,"8535 Martin Luther King Boulevard",0,4
2017-01,Florida,Miami,"6011 NW 32nd Ave",0,8
2017-01,Colorado,Capulin,"County Road Y",3,1
2017-01,Mississippi,Magnolia,"6000 block of Church Road",1,4
2017-01,Missouri,"Kansas City","8607 E 61st Terrace",3,2
2017-01,California,Salinas,"500 block of Sunrise St",2,2
2017-01,"New Jersey",Newark,"Hawkins Street and Christie Street",1,3
2017-01,Illinois,Chicago,"4200 block of S Talman",1,3
2017-01,Michigan,Flint,"2500 block of Churchill Ave",1,3
2017-01,California,Pasadena,"100 block of W Claremont St",2,2
2017-01,Florida,"Fort Lauderdale","100 Terminal Dr",5,6
2017-01,California,Fontana,"14520 Village Drive",3,1
2017-01,Texas,Allen,"500 block of Hawthorne Drive",0,4
2017-01,Mississippi,Winstonville,"114 North Greyer Street",0,5
2017-01,Texas,Dallas,"9220 Skillman Street",1,3
2017-01,Florida,Miami,"8000 block of NW 14th Ave",0,7
2014-12,Louisiana,"New Orleans","Poydras and Bolivar",0,4
2014-12,California,"Los Angeles","8800 block of South Figueroa Street",1,3
2014-12,California,Sacramento,"4000 block of May Street",0,4
2014-12,Illinois,"East St. Louis","2500 block of Summit Avenue",1,3
2014-12,Missouri,"Saint Louis","18th and Pine",1,3
2014-12,Kentucky,Winchester,"260 Oxford Drive",1,3
2014-12,Michigan,Detroit,"Charlevoix and Philip",1,3
2014-12,"New York",Webster,"191 Lake Road",4,2
2014-12,Illinois,Chicago,"5700 block of South Green Street",0,5
2014-12,Florida,Sarasota,"4034 N Washington Blvd",2,2
2014-12,Mississippi,Waynesboro,"Central Avenue",1,4
2014-12,Illinois,"Calumet City","600 block of Escanba",1,8
2014-12,Illinois,Rockford,"3200 block of Montrose Avenue",4,0
2014-12,"New Jersey",Elizabeth,"Anna Street",0,4
2014-12,Pennsylvania,Lansdale,"100 block of West 5th St",7,0
2014-12,Florida,Miami,"1311 Northwest 2nd Avenue",1,4
2014-12,Florida,Tampa,"810 E. Skagway Ave.",0,5
2014-12,Oregon,Portland,"717 North Killingsworth Court",0,4
2014-12,Indiana,"South Bend","16000 block of Roosevelt Road",0,4
2014-12,Missouri,"Saint Louis","6000 block of Virginia Avenue",1,5
2014-12,Virginia,"Newport News","6128 Jefferson Ave ",0,5
2014-11,"New York",Brooklyn,"375 Remsen Avenue",0,4
2014-11,Tennessee,Chattanooga,"2412 East 13th Street ",0,5
2014-11,"New Jersey",Newark,"348 S Orange Ave",1,3
2014-11,Georgia,Atlanta,"1600 block of Richmond Avenue",3,2
2014-11,Tennessee,Memphis,"1849 East Brooks Road ",0,4
2014-11,Texas,Georgetown,"Pvt Rd 934",2,3
2014-11,California,"San Francisco","Mission and 13th streets",0,6
2014-11,Virginia,Parksley,"Parksley Road",0,4
2014-11,Colorado,Denver,"Federal Boulevard and 16th Avenue",1,4
2014-11,Ohio,Cleveland,"1443 E 92nd St",4,1
2014-11,"South Dakota",Sisseton,"Fourth Avenue",4,1
2014-11,Ohio,Springfield,"Clifton Avenue and Rice Street",1,3
2014-11,Pennsylvania,Pittsburgh,"600 block of Miller Avenue",0,6
2014-11,Illinois,Chicago,"700 block of North St. Louis Avenue",1,3
2014-11,Nevada,"North Las Vegas","Englestad Street",0,4
2014-11,Ohio,Akron,"1891 E Market St",1,4
2014-11,Texas,"El Paso","115 S. Durango",0,6
2014-11,Missouri,Springfield,"2555 N. Glenstone",4,0
2014-11,Florida,Miami,"NW 55th and 12th",1,3
2014-11,California,Pomona,"499 E. Arrow Highway",0,5
2014-11,California,Compton,"136th Street ",0,4
2014-11,California,"Los Angeles","East 126th Street and North Compton Avenue",0,4
2014-11,California,"San Francisco","1100 block of Alabama Street ",0,4
2014-10,Tennessee,Memphis,"Yale Road and Ramill Road",0,5
2014-10,Kentucky,Cadiz,"1410 Old Dover Road",4,0
2014-10,Washington,Marysville,"5611 108th St NE",5,1
2014-10,"New York",Queens,"33-02 Queens Blvd",0,4
2014-10,"South Carolina",Graniteville,"192 Breezy Hill Road",1,3
2014-10,"New York",Brooklyn,"Lenox Road",0,4
2014-10,Michigan,Detroit,"Mogul Street",1,3
2014-10,Georgia,"Peachtree Corners","6505 Bannor Lane",3,2
2014-10,Georgia,Atlanta,"85 Mount Zion Road",0,4
2014-10,California,Stockton,"1100 block of East March Lane",3,1
2014-10,Georgia,Atlanta,"Arthur Langford Jr Place",1,3
2014-10,"New York",Utica,"222 Bleecker Street",0,5
2014-10,Georgia,Atlanta,"Auburn Avenue and Edgewood Avenue",0,4
2014-10,"New York",Guilderland,"1846 Western Ave",4,0
2014-10,Florida,Jacksonville,"7300 block of Linda Drive",3,1
2014-10,Michigan,Detroit,"East 7 Mile Road and Sherwood Street",1,5
2014-10,Tennessee,Memphis,"1400 block of Gherald Street",2,2
2014-10,California,Pomona,"1925 West Holt Avenue ",0,4
2014-09,"South Carolina",Walterboro,"29 Sandy Dam Lane",1,7
2014-09,California,Fresno,"2300 block of West Fountain Way ",0,4
2014-09,Pennsylvania,Philadelphia,"2800 block of Hope Street",0,4
2014-09,Florida,Miami,"NW 7th Ave and NW 64th Street",0,15
2014-09,Missouri,"Saint Louis","2000 block East John Avenue",0,5
2014-09,"South Carolina","Darlington County","600 block of Turner Road",1,4
2014-09,Ohio,"East Liverpool","440 First St",0,4
2014-09,Mississippi,Batesville,"8297 Curtis Rd",2,2
2014-09,"New York",Queens,"32-14 106th St",0,4
2014-09,Florida,Bell,"NW 30th Street and NW 39th Terrace",8,0
2014-09,Louisiana,"New Orleans","Chef Menteur Highway and Dale Street",0,5
2014-09,Texas,"Flour Bluff","229 Naval Air Station Drive",3,1
2014-09,Alaska,Anchorage,"225 E Fifth",0,6
2014-09,Michigan,Detroit,"14000 block of Patton",1,7
2014-09,Florida,Orlando,"2015 Orange Blossom Trail",0,4
2014-09,Georgia,Macon,"576 Poplar Street",0,5
2014-09,Michigan,Flint,"2400 block of Martin Luther King Boulevard",0,5
2014-09,California,"Los Angeles","East 27th and Stanford ",0,6
2014-09,California,Highland,"25000 block of Fifth Street ",0,5
2014-09,Mississippi,Jackson,"3622 Medgar Evers Boulevard",2,3
2014-08,California,Livermore,"200 block of South Q Street ",0,5
2014-08,Florida,Brooksville,"820 Peach St",3,1
2014-08,Michigan,Detroit,"16600 block of Edmore",1,3
2014-08,Illinois,Chicago,"8300 block of South Halsted Street",1,3
2014-08,Georgia,Augusta,"1013 Carrie Street",1,3
2014-08,California,"San Fernando","1400 block of Celis Street ",3,4
2014-08,Tennessee,Memphis,"1400 block of Briarcrest Lane",0,5
2014-08,Louisiana,"Saint Martinville","Main and Hyacinth streets",0,4
2014-08,"New York",Queens,"153-38 118th Ave",0,4
2014-08,Massachusetts,Boston,"Edinboro Street",0,4
2014-08,California,"East Palo Alto","Purdue Street and Georgetown Avenue",1,3
2014-08,Nevada,"Las Vegas","Owens Avenue and H Street",0,4
2014-08,"New Jersey",Plainfield,"West 3rd Street and Monroe Avenue",1,3
2014-08,Utah,"Salt Lake City","122 Pierpont Avenue",0,6
2014-08,Tennessee,Memphis,"797 Pope Street",1,3
2014-08,Tennessee,Clarksville,"Treeland Drive",0,4
2014-08,Louisiana,"New Orleans","New Orleans and North Rocheblave streets",0,4
2014-08,Georgia,Cartersville,"Brent Cir",2,3
2014-08,"New York",Buffalo,"Oakmont Avenue",1,3
2014-08,Louisiana,"New Orleans","5400 block of Burgundy St",2,5
2014-08,Georgia,Wrightsville,"Idylwild Dr",0,6
2014-08,California,"Moreno Valley","16300 block of Heather Glen Road ",0,7
2014-08,"District of Columbia",Washington,"N Street SW",0,6
2014-08,Minnesota,Minneapolis,"400 3rd Ave N",1,8
2014-08,Wisconsin,Milwaukee,"3000 block of N. 28th Street ",0,4
2014-08,"District of Columbia",Washington,"Second Street and Todd Place NE",0,4
2014-08,"New Mexico",Albuquerque,"3426 Vassar NE",1,3
2014-08,California,Bakersfield,"1700 block of Quincy Street ",3,1
2014-08,Georgia,Atlanta,"1100 block of Joseph E. Boone Boulevard NW",0,5
2014-08,Texas,Humble,"3403 FM 1960",0,7
2014-08,Missouri,"Saint Louis","5200 block of Thekla ",0,5
2014-08,Virginia,Culpeper,"4400 block of Rixeyville Road",5,0
2014-08,Tennessee,Columbia,"East 9th Street and Bridge Street",0,5
2014-08,Texas,Dallas,"5125 Wynell Street",3,1
2014-08,Massachusetts,"New Bedford","Acushnet Avenue",0,7
2014-08,Pennsylvania,Pittsburgh,"Penn Avenue and 29th Street",1,5
2014-08,Pennsylvania,Philadelphia,"1500 block of South Etting Street",1,3
2014-07,"North Carolina","Hope Mills","926 Bramblegate Rd",2,3
2014-07,Pennsylvania,Philadelphia,"4900 block of North Front Street",1,4
2014-07,Missouri,"Saint Louis","2000 block of East John Avenue",0,5
2014-07,Arkansas,"Pine Bluff","Third Ave and Redbud St",1,3
2014-07,Maine,Saco,"35 Water Street",5,0
2014-07,Georgia,Sylvester,"Royal Street",0,8
2014-07,Illinois,Chicago,"700 South California Avenue",1,6
2014-07,Pennsylvania,Braddock,"700 block of Hickory St",0,4
2014-07,"New Jersey",Irvington,"36 Welland Avenue",0,6
2014-07,Tennessee,Memphis,"300 block of Foote Park Lane",0,4
2014-07,Illinois,"East Saint Louis","5103 block of Bunkum Rd",1,3
2014-07,Nevada,"Las Vegas","Rancho Drive 3400 block ",1,3
2014-07,Illinois,Chicago,"1300 North Mason Avenue",0,4
2014-07,California,Sacramento,"Fulton Avenue ",1,4
2014-07,Washington,Skyway,"12600 Renton Avenue South ",0,5
2014-07,Connecticut,Stamford,"84 West Park Place",0,5
2014-07,"District of Columbia",Washington,"1700 block of Lincoln Road NE",0,4
2014-07,California,Pasadena,"1700 block of Summit Avenue",3,2
2014-07,Illinois,Chicago,"5200 West Quincy Street",1,3
2014-07,Texas,Spring,"711 Leaflet Ln",6,1
2014-07,"Rhode Island",Providence,"35 March Street",0,5
2014-07,Kentucky,Stopover,"KY 194E",0,4
2014-07,California,"San Bernardino","312  E Baseline Street ",1,4
2014-07,Florida,Miami,"NW 20th Ave and NW 62nd St",2,2
2014-07,Missouri,"Saint Louis","4600 block of Natural Bridge Avenue",0,4
2014-07,"New York",Buffalo,"100 block of Erb Street",0,4
2014-07,Texas,Houston,"1700 Almeda-Genoa",0,6
2014-07,Virginia,Norfolk,"861 W. 36th Street",0,7
2014-07,Oregon,Portland,"333 SE 122ND Ave",1,4
2014-07,Indiana,Indianapolis,"Broad Ripple Avenue",0,7
2014-07,Illinois,Centreville,"4700 Piggott Avenue",0,5
2014-07,Virginia,Norfolk,"1722 Thurgood Street",0,5
2014-07,Pennsylvania,Chester,"1400 block of West Congress Street",0,5
2014-06,Kentucky,Lexington,"Scottsdale Circle",1,3
2014-06,Louisiana,"New Orleans","700 block of Bourbon St",1,9
2014-06,Missouri,"Saint Louis","2800 block of Dayton",0,4
2014-06,California,"Los Angeles","1100 block of North Vermont Avenue",1,5
2014-06,California,Antioch,"5500 Cedar Point Way",0,7
2014-06,"New York",Manhattan,"Fifth Avenue and West 139th Street",0,4
2014-06,California,"San Diego","1600 block of Cathy Street",1,3
2014-06,Wisconsin,Milwaukee,"24th and Locust",0,5
2014-06,Michigan,Detroit,"Grand St",2,2
2014-06,Massachusetts,Lowell,"Midland Street",0,5
2014-06,Florida,Miami,"Northwest 12th Avenue and 65th Street",2,7
2014-06,California,Windsor,"Windsor Avenue",1,3
2014-06,"District of Columbia",Washington,"Florida Avenue and U Street NW",0,4
2014-06,Tennessee,Memphis,"2119 East Alcy Road",0,5
2014-06,Maryland,"Seat Pleasant","6600 block of Greig Street",0,4
2014-06,Indiana,Kokomo,"5100 Clinton Drive",0,4
2014-06,Illinois,"Park Forest","200 Berry Street",0,4
2014-06,California,"Los Angeles","8600 block of South Figueroa Street",3,1
2014-06,"New Jersey",Paterson,"Rosa Parks Boulevard and Godwin Avenue",0,6
2014-06,Alabama,Opp,"611 Hardin Street",1,4
2014-06,"South Carolina","Moncks Corner","Tish Lane",1,5
2014-06,Michigan,"Oak Park","10811 W. Ten Mile Rd.",1,3
2014-06,Illinois,Chicago,"4900 West West End Avenue",1,3
2014-06,Georgia,Atlanta,"Auburn Avenue",1,4
2014-06,Illinois,Chicago,"2660 E. 79th St",0,7
2014-06,Illinois,Chicago,"West Ferdinand Street and North Lavergne Avenue ",1,5
2014-06,California,Sacramento,"6500 46th Street",0,4
2014-05,California,"San Bernardino","800 block of West Victoria St",1,3
2014-05,Ohio,Toledo,"2100 block of Joffre Avenue",1,3
2014-05,Michigan,Detroit,"Strathmoor Street",0,4
2014-05,"South Carolina","Myrtle Beach","Ocean Boulevard near First Avenue North",3,1
2014-05,California,"Goleta (Isla Vista)","840 Embarcadero Del Norte",4,8
2014-05,Louisiana,"New Orleans","6200 block of Eads Street",1,7
2014-05,California,Bellflower,"9541 Flower Street",2,2
2014-05,Texas,Dallas,"4500 block of Village Fair Drive",1,3
2014-05,Ohio,Sandusky,"1643 Cleveland Rd",0,7
2014-05,California,Coachella,"84000 block of Pedro Drive",1,3
2014-05,"District of Columbia",Washington,"2200 block of Adams Place NE",0,5
2014-05,Georgia,Atlanta,"Panther Trail and Childress Drive",0,5
2014-05,Illinois,Chicago,"3400 West 24th Street",0,4
2014-05,California,Sacramento,"Peregrine Park",1,6
2014-05,Tennessee,Memphis,"2517 Shasta",0,7
2014-05,Georgia,"Stone Mountain","1100 To Lani Farm Road",1,3
2014-05,California,Sacramento,Natomas,1,6
2014-05,Georgia,Decatur,"Shamrock Drive ",2,3
2014-05,Illinois,Chicago,"500 West Erie Street",1,3
2014-05,Colorado,"Wheat Ridge","12100 W 44th",0,4
2014-05,Arkansas,Jonesboro,"2201 Moore Rd",4,4
2014-04,Illinois,Chicago,"7200 South Phillips Avenue",0,4
2014-04,Georgia,Kennesaw,"1675 Airport Road",1,6
2014-04,"New York",Troy,"Fourth Street",0,5
2014-04,Tennessee,Memphis,"2000 Chelsea Avenue",2,3
2014-04,California,"Los Angeles","6419 Brynhurst Avenue",1,3
2014-04,Illinois,Montgomery,"1300 block of Jackson St",0,6
2014-04,Florida,Tampa,"2902 N. 32nd St.",2,2
2014-04,Illinois,Chicago,"6600 South Michigan Ave",0,5
2014-04,"District of Columbia",Washington,"1500 block of 19th Street",0,4
2014-04,Louisiana,"New Orleans","2100 block of Pauger Street",1,3
2014-04,Indiana,Richmond,"North 15th and H Streets",0,4
2014-04,Tennessee,"Lookout Valley","Kellys Ferry Road and Kellys Ferry Place",3,1
2014-04,Illinois,Rockford,"300 North Sunset",0,4
2014-04,Louisiana,"New Orleans","500 block of South Alexander Street",0,4
2014-04,Massachusetts,Springfield,"90 Worthington St.",0,4
2014-04,Oklahoma,"Oklahoma City","Northwest 29th Street and Portland Avenue",0,4
2014-04,Illinois,Chicago,"4300 W Wilcox Street",1,5
2014-04,Arizona,Phoenix,"5400 block of W Palm Ln",1,3
2014-04,California,Fairfield,"Orchid Street ",0,4
2014-04,Texas,"Fort Hood","Motor Pool Road and Tank Destroyer Boulevard",4,16
2014-03,Mississippi,Starkville,N/A,0,5
2014-03,"North Carolina",Charlotte,"4300 Sunset Road",0,5
2014-03,Texas,Arlington,"2700 Majesty Drive",1,3
2014-03,California,"Long Beach","601 Long Beach Boulevard",1,3
2014-03,California,"San Francisco","Turk and Taylor",0,7
2014-03,"South Carolina","North Charleston","7550 Dorchester Road",0,4
2014-03,Texas,Beaumont,"S 4th St",3,1
2014-03,Georgia,Waynesboro,"4960 Highway 80 West ",0,4
2014-03,"New York",Brooklyn,"S. Second and Roebling Sts",0,4
2014-03,Ohio,Fremont,"531 W State St",3,1
2014-03,Texas,Austin," 4900 block of West Race Avenue",0,6
2014-03,Illinois,Chicago,"4900 West Race Ave",0,6
2014-03,California,Richmond,"1600 block of First Street",1,3
2014-03,"South Carolina",Pelzer,"Law Street",3,2
2014-03,Pennsylvania,Pittsburgh,"Hamilton Avenue",1,4
2014-03,Michigan,Detroit,"7800 Gratiot Av.",0,4
2014-02,Virginia,"Glade Spring","Graceland Lane",5,1
2014-02,California,Wilmington,"1200 block of W Papeete St",0,4
2014-02,Indiana,Indianapolis,"3400 block of South Parker",4,0
2014-02,California,Alturas,"300 W 1st St",4,2
2014-02,Texas,"Fort Worth"," 115 NW 25th St.",1,4
2014-02,Florida,"Orange County","4500 block of Riviera Shores ",1,6
2014-02,Florida,Jacksonville,"1187 S. Edgewood Ave.",1,4
2014-02,Texas,Dallas,"2600 block of South Harwood Street",1,7
2014-02,Indiana,"Fort Wayne","Lafayette Street and East Tillman Road",0,5
2014-02,Nevada,"Las Vegas","Sahara and Maryland ",0,5
2014-02,Indiana,Gary,"2220 block of Broadway",0,5
2014-02,California,Oakland,"37th and International ",1,3
2014-02,California,Stockton,"Constitution Park",1,3
2014-02,Florida,Miami,"Northwest 41st Street and 9th Avenue ",0,5
2014-02,Louisiana,"New Orleans","4600 block of Downman Road",0,4
2014-02,Illinois,Chicago,"6740 N Clark St",1,3
2014-02,Indiana,Franklin,"2100 block of Bridlewood Dr",3,2
2014-01,"North Carolina","Rocky Mount","821 Word Plaza",0,4
2014-01,Washington,Seattle,"2nd Avenue South and South Main Street",1,4
2014-01,Illinois,Chicago,"S. Union Av and W. 51st St",1,4
2014-01,Florida,"Belle Glade","600 block of Covenant Drive",0,4
2014-01,"New Jersey",Newark,"Springfield Avenue ",2,3
2014-01,Virginia,Manassas,"8509 Rixlew Ln",0,4
2014-01,Oklahoma,Ardmore,"H St NE and Martin Luther King Blvd",2,5
2014-01,Utah,"Spanish Fork","37 N. 630 West",5,0
2014-01,California,"Los Angeles","West 86th Street",0,4
2014-01,Michigan,Detroit,"800 block of Calvert St",0,4
2014-01,Louisiana,Tallulah,"3600 block of Highway 80 W",0,6
2014-01,Alabama,Huntsville,"University Drive",0,5
2014-01,Illinois,Elgin,"300 block of North Street",0,5
2014-01,"New York",Queens,"Farmers Boulevard and 133rd Avenue",1,3
2014-01,Virginia,Norfolk,"Rockingham Street and Berkley Avenue Extended",2,2
2015-12,Louisiana,"New Orleans","1900 block of Amelia Street",0,6
2015-12,Tennessee,Jackson,"North Parkway",0,4
2015-12,Pennsylvania,Philadelphia,"4210 Macalester St",0,4
2015-12,Florida,Jacksonville,"Franklin and Odessa",0,4
2015-12,Alabama,Mobile,"785 Schillinger Rd S",0,4
2015-12,California,"San Leandro","14600 block of East 14th Street",0,4
2015-12,Florida,"Golden Glades","NE 166th St and NE 7th Ave",0,4
2015-12,"North Carolina",Wilmington,"11th and Castle Street",1,4
2015-12,Florida,"Miami (Goulds)","21630 Southwest 120th Avenue",1,4
2015-12,California,"Los Angeles","5550 S. Flower Street",1,3
2015-12,California,"Huntington Beach","17000 block of Keelson Lane",0,4
2015-12,Georgia,Savannah,"Whitaker Street",0,4
2015-12,Illinois,"Lovejoy (Brooklyn)","307 Jefferson St",1,3
2015-12,Maryland,Baltimore,"5100 block of Park Heights Avenue",1,3
2015-12,Pennsylvania,"Pittsburgh (Mount Oliver)","200 block of  Brownsville Road",0,4
2015-12,Ohio,"Cincinnati (Fairmount)","2300 block of Baltimore Avenue",1,3
2015-12,Louisiana,Raceland,"Market Street",1,3
2015-12,Nebraska,Omaha,"North 108th Street and Military Road",2,3
2015-12,California,"San Bernardino","1365 South Waterman Avenue",16,19
2015-12,Georgia,Savannah,"100 block of West 33rd Street",1,3
2015-11,Illinois,Kankakee,"648 E Court St",0,5
2015-11,Colorado,"Colorado Springs","3480 Centennial Blvd",3,9
2015-11,California,Sacramento,"7900 block of Florin Road",2,2
2015-11,"South Carolina","Horry (county)","1321 Colletta Court",0,4
2015-11,Ohio,Columbus,"90 block of S. Terrace Avenue",4,1
2015-11,Minnesota,Minneapolis,"Morgan Avenue North",0,5
2015-11,Texas,Brownsville,"1800 block of FM 802",0,4
2015-11,Washington,Seattle,"Broadway and Pike",0,4
2015-11,"New York",Newburgh,"203 Broadway",0,5
2015-11,"South Carolina","North Charleston","Park Circle",1,3
2015-11,Illinois,Chicago,"4100 block of West Roosevelt",0,4
2015-11,Louisiana,"New Orleans","1900 block of Gallier Street",0,17
2015-11,Maryland,Baltimore,"Stricker and School",1,3
2015-11,Pennsylvania,Pittsburgh,"Prospect Drive",1,3
2015-11,California,Fresno,"California Avenue and Martin Luther King Jr. Boulevard",0,5
2015-11,Alabama,"Cedar Bluff","1460 County Rd 664",3,1
2015-11,Texas,"Tennessee Colony","800 block of An County Rd 2217",5,0
2015-11,Pennsylvania,Philadelphia,"5600 block of Blakemore Street",0,4
2015-11,Pennsylvania,Johnstown,"1159 Main St",0,4
2015-11,Florida,Jacksonville,"1300 block of South Shirley Oaks Drive",4,1
2015-11,Indiana,Indianapolis,"400 block of North Beville Ave",2,2
2015-11,Iowa,"Des Moines","4397 NW 6th Drive",1,3
2015-11,Michigan,Warren,"13859 8 Mile Road",0,4
2015-11,Colorado,Denver,"Bayaud and Bannock",1,3
2015-11,California,Bakersfield,"1000 block of Feliz Drive",0,4
2015-11,Florida,Jacksonville,"Ella Street and Kings Road",2,3
2015-11,"South Carolina",Pendleton,"2217 Refuge Road",4,0
2015-10,Louisiana,Houma,"400 block of Morgan Street",1,3
2015-10,Texas,"Fort Worth","1700 block of Southcrest Drive",0,5
2015-10,Indiana,Evansville,"711 E Virginia St",0,5
2015-10,"North Carolina","Four Oaks","2339 Stricklands Crossroads Road",0,5
2015-10,Arizona,Phoenix,"Seventh Street and Broadway",1,4
2015-10,"District of Columbia",Washington,"4300 block of Wheeler Road SE",0,5
2015-10,"South Carolina",Bamberg,"682 Dixie Ave.",0,4
2015-10,Tennessee,Nashville,"3500 John A. Merritt Blvd",1,3
2015-10,Illinois,"Calumet City","300 Campbell Avenue",0,6
2015-10,Louisiana,"New Orleans","2600 block of Caffin Avenue",0,4
2015-10,Indiana,Elkhart,"160 Easy Shopping Place",0,4
2015-10,Florida,"Fort Myers","2224 First St",1,4
2015-10,Georgia,Decatur,"4731 Glenwood Road",0,4
2015-10,Tennessee,Memphis,"6135 Mount Moriah Road",0,6
2015-10,"North Carolina",Charlotte,"1900 block of West Boulevard",0,4
2015-10,Illinois,Peoria,"2405 N Flora",1,3
2015-10,Arizona,Flagstaff,"216 E Mountain View Dr",1,3
2015-10,Maryland,Baltimore,"300 block of North Payson Street",0,5
2015-10,Maryland,Baltimore,"5400 Reisterstown Road",1,4
2015-10,Oregon,Roseburg,"1140 Umpqua College Rd",10,9
2015-09,Ohio,"Cincinnati (Evanston)","1800 block of Hewitt Avenue",0,5
2015-09,Illinois,Chicago,"300 block of West 42nd Street",3,2
2015-09,Illinois,Chicago,"5300 block of South Aberdeen Street",2,3
2015-09,Ohio,Dayton,"1921 Oakridge",0,4
2015-09,Georgia,Greenville,"1140 Hill Haven Road",0,10
2015-09,Illinois,Chicago,"5200 block of South Justine",0,4
2015-09,Missouri,"Kansas City","1700 E. 18th St.",0,4
2015-09,Illinois,Danville,"1300 block of May Street",0,4
2015-09,Illinois,Chicago,"5100 block of South Morgan Street",0,5
2015-09,Louisiana,Shreveport,"2900 block of Peach Street",0,5
2015-09,Florida,"Fort Myers","Dale Street and Veronica S. Shoemaker Boulevard",0,4
2015-09,Georgia,Norcross,"1300 block of Reddington Lane",1,3
2015-09,Pennsylvania,Philadelphia,"900 block of Pratt Street",1,3
2015-09,Illinois,Chicago,"5700 block of South LaSalle",1,5
2015-09,Oklahoma,Tulsa,"Pine and Yale",0,6
2015-09,Indiana,Indianapolis,"3900 block of Graceland Avenue",1,3
2015-09,"South Dakota",Geddes,"36705 379th Street",6,0
2015-09,Michigan,Albion,"500 block of W. Broadwell Street",0,4
2015-09,"New Jersey",Newark,"Irvine Turner Boulevard and West Kinney Street",0,4
2015-09,Florida,Ocala,"1910 South Pine Avenue",1,5
2015-09,Louisiana,Shreveport,"1500 block of Clanton Street",0,4
2015-09,"New York",Rochester,"36 Woodward Street",2,4
2015-09,Minnesota,Minneapolis,"1st Ave. and N. 5th St.",0,6
2015-09,Minnesota,Minneapolis,"1200 block of 22nd Ave. N.",1,3
2015-09,"North Carolina",Charlotte,"1000 North Carolina Music Factory Blvd.",0,5
2015-09,Minnesota,"Excelsior (Greenwood)","Channel Drive",5,0
2015-09,Georgia,Berlin,N/A,0,4
2015-09,Illinois,Chicago,"56th and Green",0,4
2015-09,Indiana,Gary,"9300 block of Sunrise",2,4
2015-09,Colorado,Denver,"1909 Blake Street",0,4
2015-09,"North Carolina",Charlotte,"6800 block of Fieldvale Place",1,3
2015-09,Florida,"Daytona Beach","300 block of Pearl Street",0,4
2015-09,Nevada,"Las Vegas","5000 block of Hollywood Boulevard",1,3
2015-09,Missouri,Columbia,"1509 Ashley Street",0,4
2015-08,Tennessee,Memphis,"3300 block of Sobota Circle",1,4
2015-08,Tennessee,Bristol,"618 Henson Road",3,2
2015-08,Texas,Tyler,"638 ENE Loop 323",1,3
2015-08,"New York",Brooklyn,"589 Flatbush Avenue",1,3
2015-08,California,Salinas,"928 Blanco Circle",2,2
2015-08,Illinois,Chicago,"3025 W. Van Buren Ave",2,2
2015-08,Minnesota,"Minneapolis (Brooklyn Center)","5000 block of Drew Avenue North",0,4
2015-08,Florida,"West Palm Beach","800 block of 19th Street",2,2
2015-08,Louisiana,"New Orleans","Fern Street and Olive Street",1,3
2015-08,California,Modesto,"1100 block of Kansas Avenue",1,7
2015-08,Florida,"Orlando (Pine Hills)","State Road 408",0,4
2015-08,"New Mexico",Roswell,"302 East Reed Street",3,1
2015-08,"North Carolina",Durham,"2700 block of Hinson Drive",0,8
2015-08,Ohio,Cincinnati,"Mathis and Prentice",2,5
2015-08,Texas,"Grulla (La Grulla)","FM 2360",2,2
2015-08,"New York",Rochester,"500 Genesee St",3,4
2015-08,Texas,"Fort Worth","3651 Sycamore School Rd",0,6
2015-08,Illinois,Chicago,"5400 block of West Division Street",0,4
2015-08,"South Carolina",Bennettsville,"Highway 38N",0,5
2015-08,Pennsylvania,Pittsburgh,"West Prospect Avenue",1,3
2015-08,California,"Los Angeles","57th Street and South Normandie Avenue",0,4
2015-08,"South Carolina",Orangeburg,"2868 Bamberg Road",1,3
2015-08,California,"Long Beach","1700 block of East 10th Street",0,4
2015-08,Mississippi,Forest,"Poplar Street",1,3
2015-08,Michigan,Detroit,"15200 block of Hazelridge",1,3
2015-08,Missouri,"Kansas City","40th Street and Pennsylvania Avenue",0,4
2015-08,"North Carolina",Gastonia,"4908 Greenwood Drive",2,3
2015-08,Arkansas,Blytheville,"833 Anderson Street",1,11
2015-08,Texas,Houston,"2211 Falling Oaks",8,0
2015-08,Vermont,"Barre (Berlin)","3182 Airport Rd",4,0
2015-08,"South Carolina",Columbia,"1505 Garden Plaza",0,4
2015-08,Missouri,"Saint Louis","2500 block of Semple",1,4
2015-08,"New York",Brooklyn,"98 Dwight Street",0,5
2015-08,"New York",Brooklyn,"Stanley Avenue and Crescent Street",0,9
2015-08,Maryland,Baltimore,"2700 block of Garrison Avenue",0,7
2015-08,Illinois,Chicago,"4800 block of West Kamerling Avenue",1,4
2015-08,Georgia,Savannah,"Barnard Street",0,5
2015-08,Illinois,Chicago,"6700 block of South Winchester Avenue",0,4
2015-08,Florida,Orlando,"5801 Shenandoah Way",0,4
2015-07,Pennsylvania,Pittsburgh,"Brushton Avenue",0,4
2015-07,Illinois,Rockford,"900 block of Kent Street",0,5
2015-07,Missouri,"Kansas City","Thompson and Colorado",2,3
2015-07,Louisiana,"New Orleans","Piety and Treasure street",0,4
2015-07,Virginia,Hopewell,"500 block of N. 7th Ave",0,4
2015-07,Pennsylvania,Erie,"200 block of W 29th St",2,5
2015-07,Louisiana,Lafayette,"3141 Johnson Street",3,9
2015-07,Missouri,"Saint Louis","Fair Ave and Ashland Ave",0,6
2015-07,Georgia,Suwanee,"5500 block of Old Atlanta Road",5,0
2015-07,Florida,"Miami Gardens","Northwest 25th Avenue and Miami Gardens Drive",1,3
2015-07,"New York",Bronx,"E. 153rd St. and the Grand Concourse",0,6
2015-07,Virginia,Suffolk,"100 block of North Capitol Street",0,4
2015-07,Kentucky,Louisville,"2928 W Kentucky St",0,6
2015-07,"North Carolina","Rocky Mount","Interstate 64 and Raliegh Street",0,4
2015-07,California,"San Diego","200 block of South Bancroft Street",0,4
2015-07,California,"Santa Paula","Ojai-Santa Paula Street",0,5
2015-07,Oregon,Salem,"1550 Weston Ct NE",1,4
2015-07,Louisiana,"Baton Rouge","300 block of Brice Street",2,2
2015-07,Illinois,Chicago,"4400 block of W. Maypole",0,5
2015-07,Ohio,"Cincinnati (Westwood)","3100 block of Sunshine Avenue",0,4
2015-07,Tennessee,Chattanooga,"4051 Amnicola Highway",6,2
2015-07,Texas,Dallas,"Singleton and Hampton",0,5
2015-07,Georgia,Atlanta,"500 block of Center Hill Avenue",0,5
2015-07,Maryland,Baltimore,"3500 block of West Garrison Boulevard",1,3
2015-07,Ohio,Cleveland,"700 block of Thornhill",0,7
2015-07,Michigan,Detroit,"9200 block of Memorial",0,4
2015-07,"South Carolina","Holly Hill","7050 Old State Road",4,1
2015-07,Missouri,"Saint Louis","1100 block of Riverview",0,4
2015-07,California,Norwalk,"11959 162nd Street",0,4
2015-07,California,Stockton,"400 block of McCloud Avenue",1,4
2015-07,Illinois,"River Forest","116 Lathrop Avenue",2,3
2015-07,"New Jersey","Jersey City","Sip and Van Wagenen avenues",0,4
2015-07,Ohio,Cleveland,"East 162nd Street and Miles Avenue",1,3
2015-07,Maryland,Baltimore,"900 block of West Fayette Street",3,1
2015-07,Louisiana,Shreveport,"3500 block of Hearne Avenue",0,8
2015-07,Indiana,"Fort Wayne","1400 block of McCulloch Street",0,9
2015-07,"New Jersey","East Orange","200 block of S. Clinton St",1,3
2015-07,"District of Columbia",Washington,"2600 Douglas Place SE",1,3
2015-07,Kentucky,Louisville,"2500 block of West Broadway",0,4
2015-07,Massachusetts,Pittsfield,"Dewey Avenue",1,4
2015-07,"New York",Syracuse,"Bellevue and Rich Street",0,4
2015-07,Texas,"San Antonio","1100 block of West Avenue",0,4
2015-07,Indiana,Indianapolis,"500 block of Lynn St",1,3
2015-06,Florida,"Opa Locka","13450 NW 30th Ave",0,4
2015-06,Michigan,Detroit,"Gratiot and Loretto",0,5
2015-06,Illinois,Venice,"1430 Broadway",0,6
2015-06,Delaware,Harrington,"100 block of East St",0,6
2015-06,Massachusetts,Taunton,"Weir Street",1,3
2015-06,Michigan,Detroit,"Stringham Court",0,4
2015-06,"New York","New York (Manhattan)","2110 Madison Ave",0,4
2015-06,Pennsylvania,Philadelphia,"700 block of East Hilton Street",0,7
2015-06,Pennsylvania,"Pittsburgh (Wilkinsburg)","Rebecca and East Swissvale Avenue",0,4
2015-06,Kentucky,Lexington,"726 Georgetown St",1,4
2015-06,"North Carolina",Morven,"6066 Robinson Bridge Rd",0,4
2015-06,Michigan,Detroit,"Dexter and Webb",1,11
2015-06,Pennsylvania,Philadelphia,"4100 block of Ogden Street",0,11
2015-06,"Rhode Island",Woonsocket,"80 River Street",0,4
2015-06,"South Carolina",Charleston,"110 Calhoun Street",9,0
2015-06,Florida,"Miami Gardens","600 block of Northwest 177th Street",0,4
2015-06,"New York",Brooklyn,"673 Flatbush Avenue",0,4
2015-06,"New Jersey",Camden,"2800 block of Mitchell Street",1,3
2015-06,Oklahoma,Tulsa,"1800 block of North Kingston",0,4
2015-06,Missouri,"Saint Louis","1400 block of North Market Street",0,4
2015-06,Georgia,Fayetteville,"600 block of Highway 279",1,4
2015-06,Oklahoma,"Oklahoma City","500 block of SE 69th St",0,4
2015-06,Georgia,Milledgeville,"451 North Flynn Street",1,3
2015-06,"New York",Bronx,"2409 Creston Avenue",0,5
2015-06,Ohio,Columbus,"1623 E. Hudson Street",4,1
2015-06,Florida,Allapattah,"24th Avenue and 36th Street",0,4
2015-06,Connecticut,Bridgeport,"468 Trumbull Ave",1,8
2015-06,Texas,Houston,"3400 block of Burkett",1,3
2015-06,California,"Los Angeles","South Vermont Avenue and West 88th Street",1,3
2015-06,Missouri,"Saint Louis","North Market Street and North Spring Avenue",1,3
2015-06,Montana,"Deer Lodge","Boulder Creek Road",5,0
2015-06,"New York",Buffalo,"100 block of Warren Avenue",1,4
2015-06,Illinois,Chicago,"100 block of North Lorel Avenue",0,5
2015-06,Iowa,Davenport,"900 block of West 3rd St",0,5
2015-06,Louisiana,"New Orleans","2100 block of Governor Nicholls Street",1,3
2015-06,"New York",Wyandanch,"Davidson Street",3,1
2015-05,Ohio,Cleveland,"16209 block of Laverne Avenue",3,1
2015-05,Maryland,Springdale,"9222 Ardwick Ardmore Road",1,3
2015-05,Connecticut,"New Haven","849 Chapel Street",0,5
2015-05,Georgia,Conyers,"4669 Bell Road SE",3,2
2015-05,California,"San Diego","4200 block of Market Street",0,4
2015-05,Nebraska,Omaha,"84th and Q",0,4
2015-05,Illinois,Chicago,"6200 block of South Honore Street",0,5
2015-05,Pennsylvania,Chester,"2700 block of West 3rd Street",1,3
2015-05,Louisiana,"New Orleans","6700 block of Tara Lane",2,2
2015-05,Illinois,Decatur,"1816 N Water",1,4
2015-05,Massachusetts,Brockton,"1002 Main St",0,5
2015-05,Michigan,Flint,"W. 12th Street and Hammerberg Road.",0,7
2015-05,Alabama,Montgomery,"Smiley Court",1,3
2015-05,Missouri,"Saint Louis","2700 block of Dayton",0,4
2015-05,California,Fresno,"2400 block of South 9th Street",2,2
2015-05,Maryland,Baltimore,"800 block of Linwood Avenue",1,3
2015-05,Missouri,Kinloch,"8000 block of School Way",0,4
2015-05,Florida,Miami,"Northwest 75th Street and Northwest 16th Avenue",1,4
2015-05,Texas,Waco,"4671 S Jack Kultgen Fwy",9,18
2015-05,Wisconsin,Milwaukee,"28th Street and Auer Avenue",0,5
2015-05,"New York",Rochester,"188 Lewis Street",0,4
2015-05,Maryland,Baltimore,"1700 block of North Broadway",0,5
2015-05,Maryland,"Capitol Heights","Pard Road",1,4
2015-05,Arizona,Tucson,"800 block of West Calle Medina Road",5,0
2015-05,Ohio,Cleveland,"3600 block of Bosworth Rd",1,4
2015-05,"New Jersey","Jersey City","Bostwick Avenue",0,4
2015-05,"New Jersey",Newark,"19th Avenue and South 16th Street",1,3
2015-05,Ohio,Cincinnati,"2300 block of Baltimore Avenue",0,4
2015-05,Michigan,Detroit,"16000 block of Cathedral Street",0,4
2015-05,"New York",Buffalo,"100 block of Roosevelt Avenue",1,3
2015-05,Indiana,"South Bend","1600 block of South William Street",0,4
2015-05,Texas,Houston,"San Jacinto at Elgin",0,6
2015-05,"New York",Bronx,"University Avenue",0,4
2015-05,Ohio,Dayton,"2801 Germantown Street",1,6
2015-05,Wisconsin,Menasha,"Friendship Trail",4,1
2015-05,Wisconsin,Milwaukee,"3700 block of 37th Street",2,3
2015-04,"New York",Brooklyn,"1365 Flatbush Ave",2,4
2015-04,Arizona,"Gila Bend","State Route 85",2,2
2015-04,"New Jersey",Trenton,"Wood Street",0,4
2015-04,"New York",Gates,"24 Hinchey Rd",1,6
2015-04,Texas,Killeen,"420 Gilmer St",2,3
2015-04,Virginia,Richmond,"200 block of West Hill Street",0,4
2015-04,Alabama,Montgomery,"1800 block of Gibbs Court",0,5
2015-04,Pennsylvania,Williamsport,"321 Pine St",0,5
2015-04,"North Carolina",Lumberton,"Martin Luther King Drive",1,3
2015-04,"North Carolina",Charlotte,"Bost Street",0,4
2015-04,"New Jersey",Paterson,"Rosa Parks Blvd and Godwin Ave",1,3
2015-04,Arizona,Phoenix,"4300 block of East Anderson Drive",5,0
2015-04,Georgia,Rome,"20 Copeland Street",1,3
2015-04,Pennsylvania,Pittsburgh,"Dinwiddie Street",1,3
2015-04,Kentucky,Louisville,"40th and Grand Street",1,4
2015-04,Indiana,Indianapolis,"5000 block of Wildflower Court",0,5
2015-04,Michigan,"Benton Harbor","1000 block of Blossom Lane",0,4
2015-04,Florida,"Daytona Beach","300 block of Henry Butts Drive",0,4
2015-04,Maryland,Baltimore,"1900 block of West Lanvale Street",0,5
2015-03,Florida,"Panama City Beach","5312 Thomas Drive",0,7
2015-03,Texas,Amarillo,"3100 block of Redwood",0,4
2015-03,Indiana,Indianapolis,"3100 block of North Harding Street",4,0
2015-03,Tennessee,Clarksville,"900 block of Carpenter Street",1,4
2015-03,"New Mexico",Albuquerque,"10140 Lomas NE",1,6
2015-03,Florida,Tampa,"1802 Seventh Ave",0,4
2015-03,Oklahoma,"Oklahoma City","1300 block of N Stiles Ave",0,4
2015-03,Texas,Lancaster,"1500 block of Reynolds Street",1,5
2015-03,"New Jersey",Newark,"200 block of Clinton Place",1,3
2015-03,Arizona,Mesa,"1504 West Main Street",1,5
2015-03,California,Stockton,"748 N Madison St",3,4
2015-03,California,Compton,"2700 block of West Alondra Boulevard",0,4
2015-03,Georgia,Atlanta,"2900 block of Delmar Lane",0,5
2015-03,California,Coachella,"84000 block of Bagdad Avenue",0,4
2015-03,Mississippi,Brookhaven,"1097 South First St.",2,3
2015-03,Georgia,Columbus,"3023 Victory Drive",0,5
2015-03,Illinois,Chicago,"200 block of West 105th",1,3
2015-03,"South Carolina",Seneca,"Wells Highway",1,3
2015-03,Missouri,"Saint Louis","3140 Olive St",0,4
2015-03,California,"San Bernardino","190 block of W Club Center Dr",3,4
2015-03,Florida,"Orange County","4900 block of Steyr Street",0,4
2015-03,Michigan,Detroit,"9855 Chalmers St",1,5
2015-02,Maryland,Baltimore,"4300 block of Welbourne Road",1,3
2015-02,Missouri,Tyrone,"18279 Highway H",8,1
2015-02,Texas,Houston,"5022 Mallow St",3,1
2015-02,Florida,"Daytona Beach","Sheridan Road",0,4
2015-02,Texas,Killeen,"1706 Godman St.",4,1
2015-02,Georgia,Clarkesville,"281 Lower Pond Court",3,2
2015-02,"South Carolina",Charleston,"4224 Dorchester Road",0,4
2015-02,California,Sacramento,"1417 R Street",0,4
2015-02,Arkansas,"Little Rock","7900 Scott Hamilton",1,3
2015-02,California,"Long Beach","200 block of W. 14th Street",0,5
2015-02,Florida,"New Port Richey","9552 Adler Street",3,1
2015-02,Tennessee,Friendship,"251 Dupree Rd",0,6
2015-02,Georgia,Douglasville,"3640 Willow Tree Circle",5,2
2015-02,Oklahoma,Tulsa,"1219 N. Sheridan Road",1,4
2015-02,Ohio,"Beachwood (Warrensville Heights)","Harvard Road",3,3
2015-02,"New York",Syracuse,"1217 West Fayette Street",0,6
2015-02,"New York","New York (Manhattan)","3345 Broadway",1,4
2015-01,Georgia,Lagrange,"100 block of Woodstream Trail",4,0
2015-01,Georgia,"Dekalb County","1600 block of Panola Road",1,3
2015-01,California,Stockton,"1500 block of E. 9th Street",1,3
2015-01,"New York","Arverne (Queens)","231-11 148th Avenue",4,1
2015-01,Nebraska,Omaha,"3402 Parker St",3,5
2015-01,Massachusetts,Boston,"954 Parker Street",0,6
2015-01,Tennessee,Clarksville,"321 Lansinger Lane",1,3
2015-01,Texas,"San Antonio","1000 block of Gibbs St.",2,5
2015-01,Illinois,Rockford,"700 block of Oakley Avenue",2,2
2015-01,Virginia,Portsmouth,"4100 block of Portsmouth Boulevard",0,5
2015-01,"North Carolina","Hope Mills","1900 block of Gumberry Road",2,5
2015-01,Florida,Lakeland,"7665 Chase Road",1,3
2015-01,California,"San Jose","3840 Monterey Hwy",0,5
2015-01,Kansas,Wichita,"4859 E Harry Street",2,2
2015-01,California,"San Francisco","Laguna St and Page St",4,0
2015-01,Massachusetts,Boston,"104 Harrishof Street",1,3
2015-01,Tennessee,Chattanooga,"773 West Main Street",1,3
2015-01,Florida,Miami,"1300 block of NW 62nd Street",1,3
2015-01,Virginia,Roanoke,"3634 Shenandoah Ave NW",2,4
2015-01,Texas,Dallas,"2000 block of Ben Hur St.",3,1
2015-01,Georgia,Savannah,"500 block of W. 54th Street",1,4
2015-01,Tennessee,Memphis,"Interstate 240 and Poplar Avenue",0,5
2016-12,Georgia,"Lenox (El Dorado)","27 Briarwood Ct",2,2
2016-12,Texas,Houston,"3704 Fannin Street",1,3
2016-12,Ohio,Mansfield,"3230 Possum Run Rd",0,5
2016-12,Connecticut,Wallingford,"95 S Turnpike Rd",2,3
2016-12,Georgia,Columbus,"2914 10th Street",1,4
2016-12,Illinois,Chicago,"8600 block of S Maryland Ave",3,4
2016-12,Alabama,Ozark,"858 US-231",0,4
2016-12,"New York","Mount Vernon","4 North 3rd Avenue",1,5
2016-12,"North Carolina",Madison,"490 K Ford Rd",0,7
2016-12,"North Carolina",Wilson,"2241 Banks Lane East",4,0
2016-12,Alabama,Birmingham,"3813 Richard Arrington Boulevard North",1,3
2016-12,Illinois,Chicago,"4900 block of W Hubbard",0,4
2016-12,Illinois,"Chicago (Roseland)","100 block of W 105th St",5,0
2016-12,"North Carolina",Charlotte,"4115 N. Tryon Street",0,4
2016-12,Illinois,Chicago,"13th and South Kedzie",0,4
2016-12,Illinois,Chicago,"4300 block of South Rockwell",2,2
2016-12,California,Sacramento,"4800 block of Myrtle Avenue",1,3
2016-12,"New York",Brooklyn,"192 Knickerbocker Ave",0,4
2016-12,Florida,"Orlando (Pine Hills)","4305 N Pine Hills Rd",1,4
2016-12,Maryland,Baltimore,"3916 South Hanover Street",0,5
2016-12,"North Carolina","Rocky Mount","1200 block of East Highland Ave",0,4
2016-12,Texas,Channelview,"15300 block of Market",4,0
2016-12,California,Fresno,"842 Fresno Street",0,4
2016-12,"New Mexico",Albuquerque,"1532 Stagecoach Lane",4,1
2016-12,California,"Los Angeles","91st Street and Western Avenue",0,6
2016-12,"New Jersey",Bloomfield,"3 1st Ave",0,6
2016-12,California,"Clearlake Oaks",N/A,1,3
2016-11,Maryland,Baltimore,"2901 Garrison Blvd",2,4
2016-11,Texas,"Mission (Palmview)","1840 West Palma Vista Drive",1,3
2016-11,California,Wilmington,"1067 McDonald Avenue",0,4
2016-11,California,"San Pedro","300 block of West 2nd Street",0,4
2016-11,Louisiana,"New Orleans","100 block of Bourbon Street",1,9
2016-11,Missouri,"Kansas City","Gregory and Prospect",0,7
2016-11,Illinois,Chicago,"8800 block of S Exchange Ave",1,5
2016-11,Louisiana,"New Orleans","Magnolia St and Felicity St",0,4
2016-11,Kentucky,Louisville,"4501 W Broadway",2,4
2016-11,"New York",Albany,"77 Central Ave",1,3
2016-11,Mississippi,"Olive Branch","928 Cross Road",0,4
2016-11,Florida,Clewiston,"1068 Harlem Academy Ave",1,4
2016-11,Illinois,Chicago,"5000 block of W Wabansia",0,4
2016-11,Tennessee,Dyersburg,"160 Longfellow",1,7
2016-11,Florida,Jacksonville,"5105 Cleveland Rd",3,2
2016-11,Texas,"San Antonio","8000 Midcrown",0,4
2016-11,California,"San Diego","3800 block of Marlborough Avenue",3,2
2016-11,Florida,Orlando,"Conley Street and South Ivey Lane",0,4
2016-11,California,Sacramento,"8600 block of Ardith Drive",1,5
2016-11,Missouri,"Kansas City","21st St and Cleveland Ave",1,3
2016-11,Connecticut,Bridgeport,"2500 Park Avenue",0,5
2016-11,Texas,Houston,"7705 Channelside Street",0,4
2016-11,Texas,Houston,"6610 S Sam Houston Pkwy W",1,3
2016-11,Washington,Seattle,"1524 3rd Ave",0,5
2016-11,Illinois,Chicago,"3400 block of W Monroe",1,3
2016-11,Tennessee,Memphis,"1800 block of East Brooks Road",0,4
2016-11,Florida,"Fort Lauderdale (Lauderhill)","3135 West Broward Boulevard",1,3
2016-11,Texas,"San Antonio","10726 Perrin Beitel Rd",0,4
2016-11,"South Carolina","Myrtle Beach","803 Main St",0,5
2016-11,California,Oakland,"420 14th Street",0,8
2016-11,Illinois,Chicago,"4800 block of North Winthrop",0,5
2016-11,Pennsylvania,Philadelphia,"5451 Springfield Ave",0,4
2016-11,Illinois,Chicago,"8000 block of S Shore Dr",2,2
2016-11,"New Jersey",Orange,"234 Cleveland Street",2,2
2016-11,Arkansas,"Little Rock","2111 Bragg Street",1,4
2016-11,Tennessee,Memphis,"5200 block of Zodiac Rd",1,5
2016-10,Louisiana,Shreveport,"700 Block of W 68th St",0,4
2016-10,Ohio,Toledo,"742 Junction Ave",0,4
2016-10,"New York","New York (Manhattan)","135 Ridge Street",0,4
2016-10,"New York",Newburgh,"119 First Street",2,5
2016-10,Maryland,"Capitol Heights","6860 Walker Mill Road",3,3
2016-10,Texas,"San Antonio","2900 block of Aspen Meadow",0,5
2016-10,Ohio,Dayton,"2010 Cornell Ridge Dr",1,3
2016-10,California,"Los Angeles","1600 block of Century Boulevard",0,5
2016-10,California,Riverside,"3500 block of Madison Street",0,4
2016-10,Mississippi,Jackson,"200 block of Lorenz Blvd",0,6
2016-10,Florida,"Miami Gardens","Northwest 173rd Terrace and 27th Avenue",0,4
2016-10,Georgia,Jackson,"600 block of Moccasin Gap Road",4,0
2016-10,Ohio,Dayton,"3300 block of Riverside Dr",1,3
2016-10,Virginia,Roanoke,"830 Campbell Avenue Southeast",2,3
2016-10,Oklahoma,Wellston,"Highway 66 and N 3310 Rd",1,5
2016-10,California,Oakland,"77th and Bancroft Avenues",0,7
2016-10,California,"San Francisco","325 La Grande Ave",0,4
2016-10,Illinois,"Chicago (Englewood)","6700 block of South Winchester",1,4
2016-10,Alabama,Mobile,"1800 block of St Stephens Road",0,5
2016-10,Illinois,Rockford,"7801 East State St",1,5
2016-10,California,"Los Angeles","2918 Rimpau Blvd",4,11
2016-10,Illinois,Chicago,"3300 block of W Maypole Ave",1,6
2016-10,Illinois,Chicago,"2700 block of West Lexington",0,4
2016-10,Michigan,"Grand Rapids","1850 28th Street SE",1,8
2016-10,California,Sacramento,"1696 Arden Way",1,3
2016-10,"New York",Brooklyn,"7301 3rd Ave",0,4
2016-10,Louisiana,"New Orleans","3727 Ulloa Street",3,2
2016-10,Minnesota,Minneapolis,"Fourth St and Hennepin Ave",0,4
2016-10,Texas,"San Antonio","2600 South Flores Street",1,4
2016-10,Illinois,"Pembroke Township","17250E Road",4,0
2016-10,California,Fresno,"3200 block of East Clay Avenue",0,4
2016-09,California,"San Francisco","400 block of Ellis St",1,3
2016-09,"North Carolina","Winston Salem (Winston-salem)","100 block of 5 Royales Dr",0,4
2016-09,Texas,Humble,"21219 Grand Linden Ct",0,4
2016-09,Texas,Houston,"5450 Weslayan St",1,6
2016-09,Illinois,Champaign,"300 block of E. Green St",1,3
2016-09,Maryland,Baltimore,"Greenmount Ave and Preston St",0,8
2016-09,Washington,Burlington,"201 Cascade Mall Dr",5,0
2016-09,Pennsylvania,Philadelphia,"3001 Castor Avenue",0,4
2016-09,Pennsylvania,Pittsburgh,"1700 block of Brighton Pl",0,4
2016-09,Virginia,Lynchburg,"421 Rivermont Ave",1,3
2016-09,Florida,Miami,"20582 SW 119th Ave",0,6
2016-09,Florida,Orlando,"3918 Columbia St",1,6
2016-09,Indiana,Indianapolis,"2016 West 76th Street",2,2
2016-09,"District of Columbia",Washington,"2600 block of Birney Place SE",2,7
2016-09,California,"Los Angeles (Hollywood)","555 N Heliotrope Dr",2,2
2016-09,Pennsylvania,Philadelphia,"5100 block of Sansom St",2,5
2016-09,Texas,Humble,"16000 block of Saybrook",1,3
2016-09,Indiana,"Fort Wayne","1723 E Wayne St",3,2
2016-09,Indiana,"Fort Wayne","3006 Holton Avenue",3,1
2016-09,Louisiana,"New Orleans","2349 S Claiborne Ave",1,5
2016-09,Missouri,"Kansas City","500 block of Westport Rd",0,6
2016-09,Michigan,Saginaw,"2207 Pierce Road",0,5
2016-09,"North Carolina","New Bern","1100 block of Highway 70",0,5
2016-09,"New Jersey","Jersey City","87 Van Wagenen Ave",1,3
2016-09,Florida,Miami,"3451 Northwest 36 Street",1,3
2016-09,Texas,"Del Valle","8330 Linden Rd",4,0
2016-09,Arkansas,"Hot Springs National Park (Hot Springs)","300 block of Lacey St",1,4
2016-09,Illinois,Chicago,"2700 block of W Lexington Ave",2,3
2016-09,Pennsylvania,Reading,"600 block of Moss Street",0,4
2016-09,Virginia,Roanoke,"1020 Orange Ave NE",1,10
2016-09,"North Carolina",Wilmington,"600 block of North 30th St",1,3
2016-09,Illinois,Chicago,"100 block of North Seeley Avenue",0,4
2016-08,Georgia,Atlanta,"400 Merritts Avenue NE",0,4
2016-08,Illinois,"Chicago (Englewood)","6800 block of South Ashland",0,4
2016-08,"New Jersey","Egg Harbor City","907 White Horse Pike",1,5
2016-08,Texas,Lubbock,"2200 block of 17th St",0,6
2016-08,"New York",Bronx,"514 E 156th St",0,4
2016-08,Missouri,"Saint Louis","S Grand Blvd and Montana St",2,2
2016-08,Alabama,Dadeville,"512 E Columbus St",0,5
2016-08,Alabama,"Bessemer (Brighton)","3810 7th Ave",1,6
2016-08,Florida,Miami,"1900 block of NW 83rd Terr",2,4
2016-08,"New Jersey",Bridgeton,"Marion Street",0,5
2016-08,Massachusetts,Boston,"Westview and Stratton Street",0,4
2016-08,Connecticut,Bridgeport,"19 Plymouth St",0,13
2016-08,Connecticut,Hamden,"903 Dixwell Ave",0,4
2016-08,Washington,Tacoma,"900 block of Pacific Avenue",0,5
2016-08,Alabama,Citronelle,"Jim Platt Road",5,0
2016-08,Connecticut,Waterbury,"402 E Main Street",0,4
2016-08,California,Oakland,"Mandela Parkway",0,4
2016-08,Virginia,Norfolk,"1600 block of Selden Avenue",0,4
2016-08,Minnesota,Minneapolis,"1717 Plymouth Ave N",0,5
2016-08,California,"Los Angeles","6300 block of 11th Avenue",0,4
2016-08,Wisconsin,Milwaukee,"4001 West Fond Du Lac Ave",2,2
2016-08,"New York","Richmond Hill","Jamaica Ave and 105th St",0,4
2016-08,Missouri,Joplin,"1800 Connecticut Ave",0,4
2016-08,Florida,Jacksonville,"100 block of West 38th Street",1,3
2016-08,Texas,Dallas,"10921 Estate Ln",1,3
2016-08,Pennsylvania,Philadelphia,"500 block of E Ashmead St",0,4
2016-08,Illinois,Evanston,"Foster Street and Jackson Avenue",0,4
2016-08,California,Sacramento,"4000 Green Tree Drive",1,3
2016-08,Florida,Jacksonville,"1214 Labelle St",0,7
2016-08,"New Mexico",Albuquerque,"341 General Marshall Street NE",2,2
2016-08,California,"Los Angeles","5925 South Figueroa Street",1,3
2016-08,Mississippi,Vicksburg,"4460 Clay St",1,3
2016-08,Colorado,Arvada,"5400 block of Sheridan Boulevard",2,2
2016-08,Illinois,Chicago,"100 block of South Springfield",0,4
2016-08,Pennsylvania,"Reading (Sinking Spring)","51 Winding Brook Drive",5,0
2016-08,Michigan,Pontiac,"70 block of Thorpe Street",1,3
2016-08,California,Perris,"21600 block of Rider St",2,2
2016-08,Tennessee,Memphis,"Ayers Street and Griffith Avenue",0,4
2016-08,Georgia,Decatur,"4110 Glenwood Road",1,3
2016-08,Florida,"Hollywood (West Park)","5700 block of Hallandale Beach Blvd",0,4
2016-08,Indiana,Evansville,"South Bedford Avenue",0,4
2016-07,Florida,Miami,"Southwest 203rd Terrace and 115th Avenue",3,1
2016-07,Texas,Austin,"208 E 6th St",1,4
2016-07,Missouri,"Saint Louis","5000 block of Kensington Ave",0,5
2016-07,Washington,Mukilteo,"10009 Chennault Beach",3,1
2016-07,Georgia,"Townsend (Eulonia)","14699 Highway 17",0,5
2016-07,Georgia,Athens,"Trail Creek St",0,7
2016-07,"New York",Elmira,"303 College Ave",0,5
2016-07,Maryland,Baltimore,"Greenmount Avenue",0,4
2016-07,Illinois,Chicago,"800 block of West 50th Place",2,2
2016-07,Florida,"Fort Myers","3580 Evans Ave",2,19
2016-07,Ohio,Hamilton,"1555 Main St",1,7
2016-07,"South Carolina","North Charleston","3630 Ashley Phosphate Road",0,4
2016-07,Ohio,Cincinnati,"3400 block of Beekman St",2,2
2016-07,"New York",Brooklyn,"Fountain Avenue",0,4
2016-07,Texas,Bastrop,"202 Childers Drive",4,1
2016-07,Illinois,Kankakee,"300 block of North Wildwood Avenue",0,5
2016-07,Illinois,Chicago,"4400 block of South Leamington",0,5
2016-07,California,Fresno,"Hedges at Peach and Olive",0,4
2016-07,Arkansas,"West Memphis","13th Street and Tyler Avenue",0,4
2016-07,Texas,Houston,"6610 Tidwell",1,3
2016-07,Michigan,Detroit,"Grand River and McGraw avenue",0,4
2016-07,Louisiana,"Baton Rouge","9611 Airline Hwy",4,3
2016-07,Texas,Dallas,"6300 block of Benavides Drive",0,5
2016-07,Ohio,Cleveland,"5000 block of Euclid Avenue",0,5
2016-07,California,"San Bernardino","1200 block of West 25th Street",0,4
2016-07,California,Bakersfield,"621 Stephens Drive",1,14
2016-07,Tennessee,Clarksville,"1348 College Street",0,6
2016-07,Washington,Woodland,"4006 NW 417th Street",3,1
2016-07,Texas,Crosby,"400 block of Pecan Avenue",3,1
2016-07,California,Oakland,"1600 block of 7th Street",0,4
2016-07,Ohio,Akron,"900 block of Moeller Avenue",1,3
2016-07,Georgia,"Warner Robins","105 Magnolia Avenue",0,5
2016-07,Missouri,"Saint Louis","3000 block of Miami St",2,2
2016-07,Maryland,Baltimore,"1800 block of W. North Avenue",0,5
2016-07,Michigan,Jackson,"500 block of Summit Avenue",0,4
2016-07,"District of Columbia",Washington,"5100 block of Call Pl. SE",0,4
2016-07,Michigan,"Saint Joseph","811 Port St",3,2
2016-07,Louisiana,"Baton Rouge","2136 North Lobdell Avenue",0,4
2016-07,Texas,Dallas,"800 Main St",5,9
2016-07,Tennessee,Bristol,"536 Volunteer Pkwy",1,4
2016-07,California,"Los Angeles","56th Street and Naomi Avenue",0,4
2016-07,"New York",Brooklyn,"419 Chauncey St",0,7
2016-07,Texas,Houston,"1312 Robin",3,2
2016-07,Pennsylvania,Pittsburgh,"Seventh  Ave and Liberty Ave",0,4
2016-07,Illinois,"Chicago (Englewood)","5500 block of South Hermitage Avenue",0,4
2016-07,Ohio,Cleveland,"1400 block of W. 107 Street",0,4
2016-07,Arizona,Phoenix,"4000 block of West Southern Avenue",2,6
2016-07,Louisiana,Monroe,"401 Lea Joyner Memorial Expy",2,3
2016-07,Tennessee,Chattanooga,"2300 block of Daisy Street",0,4
2016-06,Illinois,Chicago,"9500 block of South Loomis Street",1,4
2016-06,Nevada,"Las Vegas","6100 block of West Lake Mead Boulevard",5,0
2016-06,California,"Los Angeles","13800 block of S Avalon Boulevard",1,3
2016-06,Illinois,Chicago,"1600 block of South Christiana",0,4
2016-06,Oregon,Woodburn,"13436 Killiam Loop NE",3,1
2016-06,"South Carolina",Bennettsville,"Highway 38 N",0,4
2016-06,"North Carolina",Charlotte,"2240 Camp Greene St",0,5
2016-06,Georgia,Atlanta,"1500 block of Moreland Avenue SE",1,4
2016-06,Texas,Houston,"6000 block of Elm Street",1,3
2016-06,Texas,"Corpus Christi","Baldwin Blvd  and Lamar",0,4
2016-06,Texas,"Fort Worth","2466 East Lancaster Avenue",2,5
2016-06,Virginia,Norfolk,"700 block of Craig Street",0,4
2016-06,Illinois,Chicago,"1400 block of W. 114th Place",0,4
2016-06,Kansas,"Kansas City","N. 3rd and Walker",0,4
2016-06,Connecticut,Hartford,"Brook and Winter Street",0,5
2016-06,Maryland,"District Heights","3100 block of Orleans Ave",3,2
2016-06,Washington,Olympia,"500 block of Dutterow Road SE",3,1
2016-06,Georgia,"Dekalb (county)","Lancashire Drive and Central Drive",1,4
2016-06,Illinois,Chicago,"3100 block of West Warren",0,4
2016-06,"New Jersey",Willingboro,"Mosshill Lane",0,4
2016-06,Kentucky,Louisville,"2802 Rodman Street",2,2
2016-06,Virginia,Roanoke,"2328 Melrose Avenue",0,4
2016-06,Virginia,Exmore,"Fredrick Douglas Road",1,3
2016-06,Georgia,Waycross,"2625 Arnold Ct",2,2
2016-06,Illinois,Chicago,"East 79th Street and South Escanaba Avenue",0,4
2016-06,Delaware,Wilmington,"South Van Buren and Elm streets",0,4
2016-06,California,Oakland,"1301 Franklin Street",1,3
2016-06,California,Fresno,"East El Monte Way and Recreation Avenue",0,4
2016-06,"New York",Brooklyn,"Avenue D and E. 57th",0,5
2016-06,Illinois,Chicago,"3200 block of West Congress",0,5
2016-06,Florida,Orlando,"1912 S Orange Avenue",50,53
2016-06,"New Mexico",Roswell,"2300 block of Davis Ave",5,0
2016-06,Minnesota,Webster,"4000 block of Elmore Avenue",0,4
2016-06,"North Carolina",Charlotte,"4000 block of Collegiate Avenue",1,3
2016-06,California,Stockton,"Alvarado Avenue",1,3
2016-06,California,"Panorama City","8500 block of Cedros Avenue",3,2
2016-06,Florida,"Fort Walton Beach","Landview Drive",0,4
2016-06,"District of Columbia",Washington,"1300 North Capitol St NW",0,4
2016-06,Massachusetts,Boston,"66 Washington St",1,3
2016-06,California,Visalia,"33 60 South Fairway Street",0,4
2016-06,Minnesota,Minneapolis,"8th and Humboldt Avenue N.",0,4
2016-06,Florida,"Cape Coral","2600 block of Skyline Boulevard S",3,3
2016-06,Arizona,Phoenix,"8152 N Black Canyon Hwy",2,4
2016-06,"New York",Brooklyn,"Mermaid Ave and 16th St.",0,4
2016-06,Colorado,Denver,"3600 block of Hudson Street",3,1
2016-05,Illinois,Chicago,"3300 block of West Huron Street",0,4
2016-05,Indiana,"Fort Wayne","6600 block of Pawawna Drive",0,4
2016-05,Maryland,Baltimore,"500 block of East 43rd Street",0,5
2016-05,California,Sacramento,"3900 block of 44th",0,5
2016-05,Nevada,"Las Vegas","200 block of N 3rd St",0,4
2016-05,"New Jersey",Trenton,"600 block of Martin Luther King Jr. Boulevard",0,6
2016-05,Indiana,Indianapolis,"300 block of South Meridian Street",0,4
2016-05,Texas,Houston,"13210 Memorial Dr",2,6
2016-05,"New Jersey",Newark,"102 Isabella Avenue",0,5
2016-05,Louisiana,"New Orleans","8639 Apple St",0,4
2016-05,California,Stockton,"Poplar and Sutter Streets",1,3
2016-05,Tennessee,Nashville,"100 block of Rains Avenue",0,4
2016-05,Georgia,Jackson,"Levi Barnes Road",1,3
2016-05,Indiana,Indianapolis,"34th Street and North Keystone Avenue",0,4
2016-05,"South Carolina",Ravenel,"5360 Savannah Highway",3,1
2016-05,Indiana,Evansville,"420 North Garvin Street",0,4
2016-05,Georgia,Moultrie,"Rossman Dairy Road",5,0
2016-05,Georgia,Atlanta,"Cordova and Peoples Street",0,5
2016-05,"West Virginia",Charleston,"2337 Washington St W",1,3
2016-05,Alabama,Birmingham,"1400 block of 21st St N",1,4
2016-05,Illinois,Chicago,"7100 block of South State Street",0,5
2016-05,Texas,Austin,"8600 block of North Lamar",1,3
2016-05,Michigan,Detroit,"12300 block of Gratiot",1,4
2016-05,Alabama,Montgomery,"1300 block of Clay Street",1,3
2016-05,Maryland,Bethesda,"7101 Democracy Blvd",3,3
2016-05,Louisiana,Shreveport,"300 block of North Thomas Drive",2,6
2016-05,Florida,Miami,"2108 NW 19th Terrace",1,3
2016-05,Minnesota,Minneapolis,"16th Avenue North and Newton Avenue North",1,7
2016-05,Tennessee,Murfreesboro,"1955 Old Castle Drive",0,5
2016-04,Missouri,"Saint Louis (Ferguson)","400 block of N Dade Ave",0,4
2016-04,California,Oakland,"3200 block of San Pablo Avenue",0,5
2016-04,Louisiana,"Baton Rouge","4300  Block of Kerrit Dr",2,2
2016-04,Mississippi,Kilmichael,"Pecan Drive",3,1
2016-04,Maryland,"District Heights (Forestville)","6500 block of Hil-Mar Drive",1,4
2016-04,Tennessee,Nashville,"400 Charlotte Avenue",0,4
2016-04,Florida,Miami,"1506 Northwest 70th Street",0,5
2016-04,Virginia,Halifax,"1055 L P Bailey Memorial Hwy",0,5
2016-04,Illinois,"Chicago (Englewood)","2000 block of West 68th Place",2,3
2016-04,Colorado,Denver,"1400 block of 14th Street",0,4
2016-04,Nevada,"Las Vegas","1650 South Hollywood Boulevard",1,3
2016-04,Alabama,Auburn,"1200 block of Lee Road 83",3,1
2016-04,"New York","New York (Manhattan)","West 141st Street and Edgecombe Avenue",0,4
2016-04,Kansas,Topeka,"3732 SW Topeka Blvd",1,4
2016-04,Ohio,Piketon,"4077 Union Hill Rd",8,0
2016-04,Georgia,Appling,"3162 Johnson Drive",6,0
2016-04,Maryland,Baltimore,"4800 block of Frankford Avenue",0,4
2016-04,Alabama,Blountsville,"81551 Us Highway 278",1,4
2016-04,Illinois,Chicago,"2700 block of West 53rd Street",1,3
2016-04,Illinois,Chicago,"1400 block of West 84th Street",1,4
2016-04,California,"Long Beach","1200 block of E. 17th Street",1,3
2016-04,Pennsylvania,Philadelphia,"600 block of Westmoreland Street",3,1
2016-04,"South Carolina",Pelzer,"200 block of Eastview Road",1,3
2016-04,Texas,Edinburg,"5021 W St Hwy 107",1,6
2016-04,Michigan,Detroit,"9500 block of Oakland",1,4
2016-04,Florida,Orlando,"1100 block of Conley Street",2,4
2016-04,Alabama,Enterprise,"Baxter Street",0,4
2016-04,Wisconsin,Milwaukee,"76th and Sheridan",1,3
2016-04,California,"Los Angeles","84th Street and Towne Avenue",0,4
2016-04,Tennessee,Memphis,"Mt Moriah Road and Ridgeway Road",0,4
2016-04,Alabama,Anniston,"West 15th Street and Crawford Avenue",0,4
2016-04,"New Mexico",Albuquerque,"2600 block of Mesa Drive SE",0,4
2016-04,Illinois,Chicago,"2200 block of East 70th Place",0,4
2016-03,Illinois,"Chicago (Englewood)","6800 block of South Throop",0,4
2016-03,Illinois,Chicago,"4500 block of West West End Avenue",0,4
2016-03,Colorado,Denver,"8501 E. Alameda Avenue",0,4
2016-03,Illinois,Chicago,"5700 block of West Washington Boulevard",0,4
2016-03,Florida,Plantation,"12050 NW 4th Court",1,4
2016-03,Alabama,Wetumpka,"South Shelby Street",2,2
2016-03,Georgia,Atlanta,"Donald Lee Hollowell Drive",0,5
2016-03,Florida,"Fort Myers","50 South Road",0,4
2016-03,Oregon,Portland,"16126 S.E. Stark St.",0,4
2016-03,California,Oakland,"Interstate 880",0,4
2016-03,Michigan,Detroit,"2600 block of Hazelwood",2,2
2016-03,"New Jersey",Trenton,"Oliver Avenue",0,5
2016-03,Pennsylvania,Pittsburgh,"1304 Franklin Ave",5,3
2016-03,Texas,"San Antonio","Sherman St",2,3
2016-03,Louisiana,Lafayette,"800 block of Martin Luther King Jr. Drive",0,4
2016-03,Kansas,"Kansas City","3000 block of South 36th Street",5,0
2016-03,Massachusetts,Chelsea,"120 Washington Avenue",1,6
2016-03,Georgia,Roswell,"890 Atlanta St",0,4
2016-03,California,Compton,"900 block of West Victoria Street",1,8
2016-03,Kansas,Wichita,"116 North Mead",0,4
2016-03,Ohio,Columbus,"900 E 5th Ave",1,3
2016-02,Michigan,Detroit,"8800 block of Livernois",0,5
2016-02,California,"Riverside (Jurupa Valley)","5500 block of Etiwanda Avenue",1,3
2016-02,Virginia,"Woodbridge (Lake Ridge)","13051 Lashmere Ct",2,2
2016-02,Washington,Belfair,"300 block of Horseshoe Rd.",5,0
2016-02,Kansas,Hesston,"200 S Ridge Rd",4,14
2016-02,Arizona,Glendale,"4812 West Sunnyside Ave",5,0
2016-02,Florida,"Daytona Beach","1042 Sheridan Road",0,4
2016-02,Texas,Houston,"5100 block of Idaho Street",0,5
2016-02,Missouri,Hazelwood,"7217 N Lindbergh Blvd",1,3
2016-02,Florida,Tampa,"2810 E. Bearss Ave",1,3
2016-02,Michigan,Kalamazoo,"5581 Cracker Barrel Blvd",6,2
2016-02,Alabama,Bessemer,"200 block of Elm Street",1,3
2016-02,Florida,Orlando,"446 S Parramore Ave",0,4
2016-02,Mississippi,Iuka,"231 Co Rd 201",2,3
2016-02,Missouri,Edgerton,"4100 block of Buena Vista Road",4,0
2016-02,California,Vallejo,"509 Porter Street",1,3
2016-02,Texas,Houston,"8449 Gulf Freeway",1,3
2016-02,Alabama,"Eutaw (Union)","Earnest Friday Road",0,5
2016-02,Louisiana,Marrero,"5425 Lapalco Boulevard",0,4
2016-02,Mississippi,"Pass Christian","Davis Avenue",2,4
2016-02,Florida,Orlando,"7432 Universal Blvd",2,10
2016-02,"New York",Rochester,"547 State St",1,7
2016-02,Illinois,"Chicago (Englewood)","6500 block of South Green Street",0,4
2016-02,California,"Los Angeles","12800 block of Cook Street",1,3
2016-02,Florida,Apopka,"10th Street",0,4
2016-02,Florida,Tampa,"8123 N Nebraska Ave",2,6
2016-02,"District of Columbia",Washington,"1500 block of Butler St. SE",0,4
2016-01,Arizona,Glendale,"67th and Missouri Avenue",3,5
2016-01,Virginia,Chesapeake,"1401 N. George Washington Hwy",6,0
2016-01,Washington,Seattle,"Airport Way S. and S. Atlantic St.",2,3
2016-01,California,Perris,"140 S. D Street",1,4
2016-01,California,"Los Angeles","8105 Avalon Blvd",2,2
2016-01,Virginia,"Ware Neck (Gloucester Courthouse)","Ditchley Road and Gill Lane",1,3
2016-01,Delaware,Wilmington,"900 block of Brown Street",1,4
2016-01,"District of Columbia",Washington,"1700 East Capitol Street Northeast",0,4
2016-01,Illinois,Chicago,"1500 block of South Kedzie",1,4
2016-01,Tennessee,Memphis,"3800 block of Kerwood Avenue",1,3
2016-01,Florida,Lakeland,"2312 East Magnolia Street",3,1
2019-04,Michigan,Jackson,"800 block of Homewild St",0,4
2019-04,Mississippi,Jackson,"700 block of Monterey St",1,3
2019-04,Tennessee,Westmoreland,"1100 block of Charles Brown Rd",5,2
2019-04,California,"Los Angeles","700 N San Fernando Rd",0,6
2019-04,California,Poway,"16934 Chabad Way",1,3
2019-04,Oklahoma,Hugo,"400 block of W Bissell St",0,4
2019-04,Pennsylvania,Philadelphia,"1500 block of South 31st St",0,4
2019-04,Tennessee,Memphis,"761 Chestnut Ave",0,5
2019-04,Texas,"Corpus Christi","2900 block of Sunrise Ave",0,4
2019-04,Kansas,Wichita,"1628 S George Washington Blvd",0,4
2019-04,Kentucky,Louisville,"4000 block of Bells Ln",0,4
2019-04,Maryland,Germantown,"18700 block of Curry Powder Ln",1,3
2019-04,California,Stockton,"2539 E Main St",0,4
2019-04,California,Vallejo,"100 block of Princeton Ave",1,3
2019-04,Florida,Miami,"NW 19th Ave and 60th St",2,2
2019-04,California,"Moreno Valley","23500 block of Alessandro Blvd",0,4
2019-04,Illinois,Carbondale,"119 N Washington St",0,4
2019-04,Maryland,Baltimore,"2200 block of Ruskin Ave",1,3
2019-04,California,"Los Angeles","E 103rd St and S Main St",1,4
2019-04,Arizona,Phoenix,"7112 W Minnezona Ave",3,2
2019-04,Missouri,"Kansas City","5339 Michigan Ave",1,3
2019-04,"North Carolina","Winston Salem (Winston-salem)","515 N Cherry St",0,7
2019-04,Indiana,Indianapolis,"3600 block of Roosevelt Ave",2,2
2019-04,Louisiana,Shreveport,"433 Flournoy Lucas Rd",0,4
2019-04,Delaware,Wilmington,"940 N Pine St",0,6
2019-04,Florida,Tallahassee,"500 block of Kissimmee St",0,4
2019-04,Illinois,Chicago,"6300 block of S Seeley Ave",0,6
2019-04,Georgia,Stockbridge,"300 block of Eagle Ct",3,2
2019-04,Florida,"Panama City","100 block of Allen Ave",1,3
2019-04,Mississippi,Hermanville,"13195 MS 18",0,4
2019-04,Kentucky,Covington,"300 block of 13th St",0,5
2019-03,Illinois,Chicago,"500 block of N Hamlin Ave",1,4
2019-03,Georgia,Atlanta,"3041 Landrum Dr SW",1,4
2019-03,"South Carolina","North Charleston","1900 block of Jacksonville Rd",0,7
2019-03,Maryland,Baltimore,"6200 block of Boston St",0,4
2019-03,Nevada,"North Las Vegas","2400 block of W San Miguel St",0,5
2019-03,California,"San Francisco","1300 Fillmore St",1,6
2019-03,Arizona,Phoenix,"2202 W McDowell Rd",0,7
2019-03,Arizona,Phoenix,"8526 N 27th Ave",2,4
2019-03,Georgia,Augusta,"900 block of Broad St",0,4
2019-03,Georgia,Rochelle,"Dennis St",1,3
2019-03,Nevada,"Las Vegas","600 E Fremont St",0,4
2019-03,"New Jersey",Camden,"619 Ferry Ave",1,3
2019-03,Alabama,Mobile,"515 Dauphin Island Pkwy",2,4
2019-03,Montana,Missoula,"5145 Airway Blvd",1,3
2019-03,Illinois,Harvey,"14701 S Wood St",1,3
2019-03,"New Jersey",Paterson,"291 12th Ave",0,4
2019-03,Louisiana,Shreveport,"2700 block of San Jacinto Ave",0,4
2019-03,Colorado,Denver,"15th St and Market St",1,4
2019-03,California,Oakland,"316 14th St",0,4
2019-03,Illinois,Chicago,"2900 block of E 79th St",0,6
2019-03,Arkansas,"Pine Bluff","723 East 25th Ave",1,4
2019-02,California,Oakland,"9755 Edes Ave",1,3
2019-02,Alabama,Birmingham,"1100 block of Carnation Dr",2,2
2019-02,Maryland,Baltimore,"500 block of Bloom St",1,4
2019-02,Kentucky,Elizabethtown,"600 N Miles St",2,2
2019-02,Texas,Houston,"12800 block of Eastbrook Dr",2,2
2019-02,Tennessee,Covington,"529 N College St",0,4
2019-02,Texas,Henderson,"504 S Van Buren St",2,2
2019-02,Indiana,Evansville,"664 E Illinois St",0,5
2019-02,Louisiana,"New Orleans","Tulane Ave and Elk Pl",1,5
2019-02,Mississippi,Clinton,"1214 Foxhill Dr",5,0
2019-02,Illinois,Aurora,"641 Archer Ave",6,6
2019-02,Florida,Jacksonville,"5905 Redpoll Ave",2,2
2019-02,Texas,Livingston,"3628 FM 3126",5,0
2019-02,Virginia,Petersburg,"109 Perry St",0,4
2019-02,"New York",Brooklyn,"1778 Fulton St",1,3
2019-02,Texas,"San Antonio","538 Hot Wells Blvd",2,2
2019-02,"District of Columbia",Washington,"2341 Pennsylvania Avenue SE",0,4
2019-02,Louisiana,"Baton Rouge","4000 block of Topeka St",0,4
2019-02,California,"Palm Springs","E Sunny Dunes Rd and El Placer Rd",4,0
2019-02,Illinois,Chicago,"938 E 75th St",2,5
2019-02,California,"San Diego","6800 block of Springfield St",0,4
2019-01,Texas,Houston,"7815 Harding St",2,4
2019-01,Alabama,Birmingham,"Avenue O and Warrior Rd",0,5
2019-01,Louisiana,Gonzales,"42350 Church Point Rd",5,0
2019-01,Indiana,Indianapolis,"2957 N Sherman Dr",0,5
2019-01,Georgia,Albany,"300 block of West Roosevelt",0,4
2019-01,"New Jersey",Newark,"612 Bergen St",1,3
2019-01,Georgia,Rockmart,"148 W Church Rd",4,1
2019-01,Pennsylvania,"State College","1450 S Atherton St",4,1
2019-01,Florida,Sebring,"1901 US 27 S",5,0
2019-01,Florida,Miami,"26133 SW 139th Ave",0,4
2019-01,Pennsylvania,Lebanon,"1140 Church St",0,4
2019-01,"South Carolina",Gaffney,"1435 Wilcox Ave",1,4
2019-01,Texas,Houston,"7041 Sherman St",3,2
2019-01,Illinois,Chicago,"4400 block of W Madison St",0,4
2019-01,Florida,Jacksonville,"11445 Brian Lakes Drive",3,2
2019-01,Kentucky,Owensboro,"940 Audubon Ave",3,1
2019-01,California,Palmdale,"Ranch Center Dr and 40th St W",3,1
2019-01,Florida,Jacksonville,"Emerson St and Spring Park Rd",1,5
2019-01,Arkansas,"Little Rock","5420 Baseline Rd",1,3
2019-01,Arizona,Phoenix,"2445 E Van Buren St",1,5
2019-01,"New Mexico",Roswell,"1300 block of W College Blvd",0,4
2019-01,Virginia,Hurt,"3197 Shula Dr",3,2
2019-01,California,Torrance,"22501 Hawthorne Blvd",3,4
2019-01,Arizona,Yuma,"3800 block of E. County 18 St",1,3
2019-01,Arkansas,Jonesboro,"3516 Galaxy St",1,3
2019-01,"South Carolina",Columbia,"1709 Decker Blvd",0,5
2019-01,Florida,Tallahassee,"2020 W Pensacola St",0,5
